1,2,3,1,2,3,0,64,65,66,32,33,34,35,0,0,0,0,0,0
1,2,3,1,2,3,0,64,65,66,32,33,34,35,0,0,0,0,0,0
1,2,3,1,2,3,0,64,65,66,32,33,34,35,0,0,0,0,0,0
1,2,3,1,2,3,0,64,65,66,32,33,34,35,0,0,0,0,0,0
1,2,3,1,2,3,0,64,65,66,32,33,34,35,0,0,0,0,0,0
1,2,3,1,2,3,0,64,65,66,32,33,34,35,0,0,0,0,0,0
1,2,3,1,2,3,0,64,65,66,32,33,34,35,0,0,0,0,0,0
1,2,3,1,2,3,0,64,65,66,32,33,34,35,0,0,0,0,0,0
1,2,3,1,2,3,0,64,65,66,32,33,34,35,0,0,0,0,0,0
1,2,3,1,2,3,0,64,65,66,32,33,34,35,0,0,0,0,0,0
1,2,3,1,2,3,0,64,65,66,32,33,34,35,0,0,0,0,0,0
1,2,3,1,2,3,0,64,65,66,32,33,34,35,0,0,0,0,0,0
1,2,3,1,2,3,0,64,65,66,32,33,34,35,0,0,0,0,0,0
4,2,3,4,2,3,0,64,65,66,32,33,34,35,0,0,0,0,0,0
4,5,6,4,5,6,0,64,65,66,32,33,34,35,0,0,0,0,0,0
4,5,6,4,5,6,0,64,65,66,32,33,34,35,0,0,0,0,0,0
4,5,6,4,5,6,0,64,65,66,32,33,34,35,0,0,0,0,0,0
4,5,6,4,5,6,0,64,65,66,32,33,34,35,0,0,0,0,0,0
4,5,6,4,5,6,0,64,65,66,32,33,34,35,0,0,0,0,0,0
4,5,6,4,5,6,0,64,65,66,32,33,34,35,0,0,0,0,0,0
4,5,6,4,5,6,0,64,65,66,32,33,34,35,0,0,0,0,0,0
4,5,6,4,5,6,0,64,65,66,32,33,34,35,0,0,0,0,0,0
4,5,6,4,5,6,0,64,65,66,32,33,34,35,0,0,0,0,0,0
4,5,6,4,5,6,0,64,65,66,32,33,34,35,0,0,0,0,0,0
4,5,6,4,5,6,0,64,65,66,32,33,34,35,0,0,0,0,0,0
4,5,6,4,5,6,0,64,65,66,32,33,34,35,0,0,0,0,0,0
7,5,6,7,5,6,0,64,65,66,32,33,34,35,0,0,0,0,0,0
7,5,6,7,5,6,0,64,65,66,32,33,34,35,0,0,0,0,0,0
7,8,9,7,8,9,0,1,2,66,32,33,34,35,0,0,0,0,0,0
7,8,9,7,8,9,0,1,2,66,32,33,34,35,0,0,0,0,0,0
7,8,9,7,8,9,0,1,2,3,32,33,34,35,0,0,0,0,0,0
7,8,9,7,8,9,0,1,2,3,67,68,69,70,0,0,0,0,0,0
7,8,9,7,8,9,0,1,2,3,67,68,69,70,0,0,0,0,0,0
7,8,9,7,8,9,0,1,2,3,67,68,69,70,0,0,0,0,0,0
7,8,9,7,8,9,0,1,2,3,67,68,69,70,0,0,0,0,0,0
7,8,9,7,8,9,0,1,2,3,67,68,69,70,0,0,0,0,0,0
7,8,9,7,8,9,0,1,2,3,67,68,69,70,0,0,0,0,0,0
7,8,9,7,8,9,0,1,2,3,67,68,69,70,0,0,0,0,0,0
7,8,9,7,8,9,0,1,2,3,67,68,69,70,0,0,0,0,0,0
10,8,9,10,8,9,0,1,2,3,67,68,69,70,0,0,0,0,0,0
10,8,9,10,8,9,0,1,2,3,67,68,69,70,0,0,0,0,0,0
10,8,9,10,8,9,0,1,2,3,67,68,69,70,0,0,0,0,0,0
10,11,12,10,11,12,0,1,2,3,67,68,69,70,0,0,0,0,0,0
10,11,12,10,11,12,0,1,2,3,67,68,69,70,0,0,0,0,0,0
10,11,12,10,11,12,0,1,2,3,67,68,69,70,0,0,0,0,0,0
10,11,12,10,11,12,0,1,2,3,67,68,69,70,0,0,0,0,0,0
10,11,12,10,11,12,0,1,2,3,67,68,69,70,0,0,0,0,0,0
10,11,12,10,11,12,0,1,2,3,67,68,69,70,0,0,0,0,0,0
10,11,12,10,11,12,0,1,2,3,67,68,69,70,0,0,0,0,0,0
10,11,12,10,11,12,0,1,2,3,67,68,69,70,0,0,0,0,0,0
10,11,12,10,11,12,0,1,2,3,67,68,69,70,0,0,0,0,0,0
10,11,12,10,11,12,0,1,2,3,67,68,69,70,0,0,0,0,0,0
13,11,12,13,11,12,0,1,2,3,67,68,69,70,0,0,0,0,0,0
13,11,12,13,11,12,0,1,2,3,67,68,69,70,0,0,0,0,0,0
13,11,12,13,11,12,0,1,2,3,67,68,69,70,0,0,0,0,0,0
13,11,12,13,11,12,0,1,2,3,67,68,69,70,0,0,0,0,0,0
13,14,15,13,14,15,0,1,2,3,67,68,69,70,0,0,0,0,0,0
13,14,15,13,14,15,0,37,38,3,67,68,69,70,0,0,0,0,0,0
13,14,15,13,14,15,0,37,38,3,67,68,69,70,0,0,0,0,0,0
13,14,15,13,14,15,0,37,38,3,67,68,69,70,0,0,0,0,0,0
13,14,15,13,14,15,0,37,38,3,67,68,69,70,0,0,0,0,0,0
13,14,15,13,14,15,0,37,38,36,4,5,6,7,0,0,0,0,0,0
13,14,15,13,14,15,0,37,38,36,4,5,6,7,0,0,0,0,0,0
13,14,15,13,14,15,0,37,38,36,4,5,6,7,0,0,0,0,0,0
13,14,15,13,14,15,0,37,38,36,4,5,6,7,0,0,0,0,0,0
16,14,15,16,14,15,0,37,38,36,4,5,6,7,0,0,0,0,0,0
16,14,15,16,14,15,0,37,38,36,4,5,6,7,0,0,0,0,0,0
16,14,15,16,14,15,0,37,38,36,4,5,6,7,0,0,0,0,0,0
16,14,15,16,14,15,0,37,38,36,4,5,6,7,0,0,0,0,0,0
16,17,18,16,17,18,0,37,38,36,4,5,6,7,0,0,0,0,0,0
16,17,18,16,17,18,0,37,38,36,4,5,6,7,0,0,0,0,0,0
16,17,18,16,17,18,0,37,38,36,4,5,6,7,0,0,0,0,0,0
16,17,18,16,17,18,0,37,38,36,4,5,6,7,0,0,0,0,0,0
16,17,18,16,17,18,0,37,38,36,4,5,6,7,0,0,0,0,0,0
16,17,18,16,17,18,0,37,38,36,4,5,6,7,0,0,0,0,0,0
16,17,18,16,17,18,0,37,38,36,4,5,6,7,0,0,0,0,0,0
16,17,18,16,17,18,0,37,38,36,4,5,6,7,0,0,0,0,0,0
16,17,18,16,17,18,0,37,38,36,4,5,6,7,0,0,0,0,0,0
19,17,18,19,17,18,0,37,38,36,4,5,6,7,0,0,0,0,0,0
19,17,18,19,17,18,0,37,38,36,4,5,6,7,0,0,0,0,0,0
19,17,18,19,17,18,0,37,38,36,4,5,6,7,0,0,0,0,0,0
19,17,18,19,17,18,0,37,38,36,4,5,6,7,0,0,0,0,0,0
19,20,21,19,20,21,0,37,38,36,4,5,6,7,0,0,0,0,0,0
19,20,21,19,20,21,0,37,38,36,4,5,6,7,0,0,0,0,0,0
19,20,21,19,20,21,0,37,38,36,4,5,6,7,0,0,0,0,0,0
19,20,21,19,20,21,0,73,71,36,4,5,6,7,0,0,0,0,0,0
19,20,21,19,20,21,0,73,71,36,4,5,6,7,0,0,0,0,0,0
19,20,21,19,20,21,0,73,71,36,4,5,6,7,0,0,0,0,0,0
19,20,21,19,20,21,0,73,71,36,4,5,6,7,0,0,0,0,0,0
19,20,21,19,20,21,0,73,71,36,4,5,6,7,0,0,0,0,0,0
19,20,21,19,20,21,0,73,71,36,4,5,6,7,0,0,0,0,0,0
22,20,21,22,20,21,0,73,71,36,4,5,6,7,0,0,0,0,0,0
22,20,21,22,20,21,0,73,71,72,39,40,41,42,0,0,0,0,0,0
22,20,21,22,20,21,0,73,71,72,39,40,41,42,0,0,0,0,0,0
22,20,21,22,20,21,0,73,71,72,39,40,41,42,0,0,0,0,0,0
22,23,24,22,23,24,0,73,71,72,39,40,41,42,0,0,0,0,0,0
22,23,24,22,23,24,0,73,71,72,39,40,41,42,0,0,0,0,0,0
22,23,24,22,23,24,0,73,71,72,39,40,41,42,0,0,0,0,0,0
22,23,24,22,23,24,0,73,71,72,39,40,41,42,0,0,0,0,0,0
22,23,24,22,23,24,0,73,71,72,39,40,41,42,0,0,0,0,0,0
22,23,24,22,23,24,0,73,71,72,39,40,41,42,0,0,0,0,0,0
22,23,24,22,23,24,0,73,71,72,39,40,41,42,0,0,0,0,0,0
22,23,24,22,23,24,0,73,71,72,39,40,41,42,0,0,0,0,0,0
22,23,24,22,23,24,0,73,71,72,39,40,41,42,0,0,0,0,0,0
25,23,24,25,23,24,0,73,71,72,39,40,41,42,0,0,0,0,0,0
25,23,24,25,23,24,0,73,71,72,39,40,41,42,0,0,0,0,0,0
25,23,24,25,23,24,0,73,71,72,39,40,41,42,0,0,0,0,0,0
25,23,24,25,23,24,0,73,71,72,39,40,41,42,0,0,0,0,0,0
25,26,27,25,26,27,0,73,71,72,39,40,41,42,0,0,0,0,0,0
25,26,27,25,26,27,0,73,71,72,39,40,41,42,0,0,0,0,0,0
25,26,27,25,26,27,0,73,71,72,39,40,41,42,0,0,0,0,0,0
25,26,27,25,26,27,0,73,71,72,39,40,41,42,0,0,0,0,0,0
25,26,27,25,26,27,0,73,71,72,39,40,41,42,0,0,0,0,0,0
25,26,27,25,26,27,0,10,8,72,39,40,41,42,0,0,0,0,0,0
25,26,27,25,26,27,0,10,8,72,39,40,41,42,0,0,0,0,0,0
25,26,27,25,26,27,0,10,8,72,39,40,41,42,0,0,0,0,0,0
28,26,27,28,26,27,0,10,8,72,39,40,41,42,0,0,0,0,0,0
28,26,27,28,26,27,0,10,8,72,39,40,41,42,0,0,0,0,0,0
28,26,27,28,26,27,0,10,8,72,39,40,41,42,0,0,0,0,0,0
28,26,27,28,26,27,0,10,8,72,39,40,41,42,0,0,0,0,0,0
28,26,27,28,26,27,0,10,8,72,39,40,41,42,0,0,0,0,0,0
28,29,30,28,29,30,0,10,8,72,39,40,41,42,0,0,0,0,0,0
28,29,30,28,29,30,0,10,8,9,39,40,41,42,0,0,0,0,0,0
28,29,30,28,29,30,0,10,8,9,74,75,76,77,0,0,0,0,0,0
28,29,30,28,29,30,0,10,8,9,74,75,76,77,0,0,0,0,0,0
28,29,30,28,29,30,0,10,8,9,74,75,76,77,0,0,0,0,0,0
28,29,30,28,29,30,0,10,8,9,74,75,76,77,0,0,0,0,0,0
28,29,30,28,29,30,0,10,8,9,74,75,76,77,0,0,0,0,0,0
31,29,30,31,29,30,0,10,8,9,74,75,76,77,0,0,0,0,0,0
31,29,30,31,29,30,0,10,8,9,74,75,76,77,0,0,0,0,0,0
31,29,30,31,29,30,0,10,8,9,74,75,76,77,0,0,0,0,0,0
31,29,30,31,29,30,0,10,8,9,74,75,76,77,0,0,0,0,0,0
31,29,30,31,29,30,0,10,8,9,74,75,76,77,0,0,0,0,0,0
31,29,30,31,29,30,0,10,8,9,74,75,76,77,0,0,0,0,0,0
31,32,33,31,32,33,0,10,8,9,74,75,76,77,0,0,0,0,0,0
31,32,33,31,32,33,0,10,8,9,74,75,76,77,0,0,0,0,0,0
31,32,33,31,32,33,0,10,8,9,74,75,76,77,0,0,0,0,0,0
31,32,33,31,32,33,0,10,8,9,74,75,76,77,0,0,0,0,0,0
31,32,33,31,32,33,0,10,8,9,74,75,76,77,0,0,0,0,0,0
31,32,33,31,32,33,0,10,8,9,74,75,76,77,0,0,0,0,0,0
34,32,33,34,32,33,0,10,8,9,74,75,76,77,0,0,0,0,0,0
34,32,33,34,32,33,0,10,8,9,74,75,76,77,0,0,0,0,0,0
34,32,33,34,32,33,0,43,44,9,74,75,76,77,0,0,0,0,0,0
34,32,33,34,32,33,0,43,44,9,74,75,76,77,0,0,0,0,0,0
34,32,33,34,32,33,0,43,44,9,74,75,76,77,0,0,0,0,0,0
34,32,33,34,32,33,0,43,44,9,74,75,76,77,0,0,0,0,0,0
34,32,33,34,32,33,0,43,44,9,74,75,76,77,0,0,0,0,0,0
34,35,36,34,35,36,0,43,44,9,74,75,76,77,0,0,0,0,0,0
34,35,36,34,35,36,0,43,44,9,74,75,76,77,0,0,0,0,0,0
34,35,36,34,35,36,0,43,44,9,74,75,76,77,0,0,0,0,0,0
34,35,36,34,35,36,0,43,44,9,74,75,76,77,0,0,0,0,0,0
34,35,36,34,35,36,0,43,44,9,74,75,76,77,0,0,0,0,0,0
37,35,36,37,35,36,0,43,44,9,74,75,76,77,0,0,0,0,0,0
37,35,36,37,35,36,0,43,44,45,11,12,13,14,0,0,0,0,0,0
37,35,36,37,35,36,0,43,44,45,11,12,13,14,0,0,0,0,0,0
37,35,36,37,35,36,0,43,44,45,11,12,13,14,0,0,0,0,0,0
37,35,36,37,35,36,0,43,44,45,11,12,13,14,0,0,0,0,0,0
37,35,36,37,35,36,0,43,44,45,11,12,13,14,0,0,0,0,0,0
37,35,36,37,35,36,0,43,44,45,11,12,13,14,0,0,0,0,0,0
37,35,36,37,35,36,0,43,44,45,11,12,13,14,0,0,0,0,0,0
37,38,39,37,38,39,0,43,44,45,11,12,13,14,0,0,0,0,0,0
37,38,39,37,38,39,0,43,44,45,11,12,13,14,0,0,0,0,0,0
37,38,39,37,38,39,0,43,44,45,11,12,13,14,0,0,0,0,0,0
37,38,39,37,38,39,0,43,44,45,11,12,13,14,0,0,0,0,0,0
40,38,39,40,38,39,0,43,44,45,11,12,13,14,0,0,0,0,0,0
40,38,39,40,38,39,0,43,44,45,11,12,13,14,0,0,0,0,0,0
40,38,39,40,38,39,0,43,44,45,11,12,13,14,0,0,0,0,0,0
40,38,39,40,38,39,0,43,44,45,11,12,13,14,0,0,0,0,0,0
40,38,39,40,38,39,0,43,44,45,11,12,13,14,0,0,0,0,0,0
40,38,39,40,38,39,0,43,44,45,11,12,13,14,0,0,0,0,0,0
40,38,39,40,38,39,0,79,80,45,11,12,13,14,0,0,0,0,0,0
40,38,39,40,38,39,0,79,80,45,11,12,13,14,0,0,0,0,0,0
40,38,39,40,38,39,0,79,80,45,11,12,13,14,0,0,0,0,0,0
40,41,42,40,41,42,0,79,80,45,11,12,13,14,0,0,0,0,0,0
40,41,42,40,41,42,0,79,80,45,11,12,13,14,0,0,0,0,0,0
40,41,42,40,41,42,0,79,80,45,11,12,13,14,0,0,0,0,0,0
43,41,42,43,41,42,0,79,80,45,11,12,13,14,0,0,0,0,0,0
43,41,42,43,41,42,0,79,80,45,11,12,13,14,0,0,0,0,0,0
43,41,42,43,41,42,0,79,80,45,11,12,13,14,0,0,0,0,0,0
43,41,42,43,41,42,0,79,80,45,11,12,13,14,0,0,0,0,0,0
43,41,42,43,41,42,0,79,80,45,11,12,13,14,0,0,0,0,0,0
43,41,42,43,41,42,0,79,80,45,11,12,13,14,0,0,0,0,0,0
43,41,42,43,41,42,0,79,80,45,11,12,13,14,0,0,0,0,0,0
43,41,42,43,41,42,0,79,80,45,11,12,13,14,0,0,0,0,0,0
43,41,42,43,41,42,0,79,80,78,46,47,48,49,0,0,0,0,0,0
43,41,42,43,41,42,0,79,80,78,46,47,48,49,0,0,0,0,0,0
43,44,45,43,44,45,0,79,80,78,46,47,48,49,0,0,0,0,0,0
43,44,45,43,44,45,0,79,80,78,46,47,48,49,0,0,0,0,0,0
46,44,45,46,44,45,0,79,80,78,46,47,48,49,0,0,0,0,0,0
46,44,45,46,44,45,0,79,80,78,46,47,48,49,0,0,0,0,0,0
46,44,45,46,44,45,0,79,80,78,46,47,48,49,0,0,0,0,0,0
46,44,45,46,44,45,0,79,80,78,46,47,48,49,0,0,0,0,0,0
46,44,45,46,44,45,0,79,80,78,46,47,48,49,0,0,0,0,0,0
46,44,45,46,44,45,0,79,80,78,46,47,48,49,0,0,0,0,0,0
46,44,45,46,44,45,0,79,80,78,46,47,48,49,0,0,0,0,0,0
46,44,45,46,44,45,0,79,80,78,46,47,48,49,0,0,0,0,0,0
46,44,45,46,44,45,0,79,80,78,46,47,48,49,0,0,0,0,0,0
46,44,45,46,44,45,0,79,80,78,46,47,48,49,0,0,0,0,0,0
46,44,45,46,44,45,0,16,17,78,46,47,48,49,0,0,0,0,0,0
46,47,48,46,47,48,0,16,17,78,46,47,48,49,0,0,0,0,0,0
49,47,48,49,47,48,0,16,17,78,46,47,48,49,0,0,0,0,0,0
49,47,48,49,47,48,0,16,17,78,46,47,48,49,0,0,0,0,0,0
49,47,48,49,47,48,0,16,17,78,46,47,48,49,0,0,0,0,0,0
49,47,48,49,47,48,0,16,17,78,46,47,48,49,0,0,0,0,0,0
49,47,48,49,47,48,0,16,17,78,46,47,48,49,0,0,0,0,0,0
49,47,48,49,47,48,0,16,17,78,46,47,48,49,0,0,0,0,0,0
49,47,48,49,47,48,0,16,17,78,46,47,48,49,0,0,0,0,0,0
49,47,48,49,47,48,0,16,17,78,46,47,48,49,0,0,0,0,0,0
49,47,48,49,47,48,0,16,17,78,46,47,48,49,0,0,0,0,0,0
49,47,48,49,47,48,0,16,17,78,46,47,48,49,0,0,0,0,0,0
49,47,48,49,47,48,0,16,17,78,46,47,48,49,0,0,0,0,0,0
49,47,48,49,47,48,0,16,17,78,46,47,48,49,0,0,0,0,0,0
52,50,51,52,50,51,0,16,17,78,46,47,48,49,0,0,0,0,0,0
52,50,51,52,50,51,0,16,17,78,46,47,48,49,0,0,0,0,0,0
52,50,51,52,50,51,0,16,17,15,46,47,48,49,0,0,0,0,0,0
52,50,51,52,50,51,0,16,17,15,81,82,83,84,0,0,0,0,0,0
52,50,51,52,50,51,0,16,17,15,81,82,83,84,0,0,0,0,0,0
52,50,51,52,50,51,0,16,17,15,81,82,83,84,0,0,0,0,0,0
52,50,51,52,50,51,0,16,17,15,81,82,83,84,0,0,0,0,0,0
52,50,51,52,50,51,0,16,17,15,81,82,83,84,0,0,0,0,0,0
52,50,51,52,50,51,0,16,17,15,81,82,83,84,0,0,0,0,0,0
52,50,51,52,50,51,0,16,17,15,81,82,83,84,0,0,0,0,0,0
52,50,51,52,50,51,0,16,17,15,81,82,83,84,0,0,0,0,0,0
52,50,51,52,50,51,0,16,17,15,81,82,83,84,0,0,0,0,0,0
55,50,51,55,50,51,0,16,17,15,81,82,83,84,0,0,0,0,0,0
55,53,54,55,53,54,0,16,17,15,81,82,83,84,0,0,0,0,0,0
55,53,54,55,53,54,0,16,17,15,81,82,83,84,0,0,0,0,0,0
55,53,54,55,53,54,0,52,50,15,81,82,83,84,0,0,0,0,0,0
55,53,54,55,53,54,0,52,50,15,81,82,83,84,0,0,0,0,0,0
55,53,54,55,53,54,0,52,50,15,81,82,83,84,0,0,0,0,0,0
55,53,54,55,53,54,0,52,50,15,81,82,83,84,0,0,0,0,0,0
55,53,54,55,53,54,0,52,50,15,81,82,83,84,0,0,0,0,0,0
55,53,54,55,53,54,0,52,50,15,81,82,83,84,0,0,0,0,0,0
55,53,54,55,53,54,0,52,50,15,81,82,83,84,0,0,0,0,0,0
55,53,54,55,53,54,0,52,50,15,81,82,83,84,0,0,0,0,0,0
55,53,54,55,53,54,0,52,50,15,81,82,83,84,0,0,0,0,0,0
58,53,54,58,53,54,0,52,50,15,81,82,83,84,0,0,0,0,0,0
58,53,54,58,53,54,0,52,50,15,81,82,83,84,0,0,0,0,0,0
58,56,57,58,56,57,0,52,50,15,81,82,83,84,0,0,0,0,0,0
58,56,57,58,56,57,0,52,50,15,81,82,83,84,0,0,0,0,0,0
58,56,57,58,56,57,0,52,50,15,81,82,83,84,0,0,0,0,0,0
58,56,57,58,56,57,0,52,50,15,81,82,83,84,0,0,0,0,0,0
58,56,57,58,56,57,0,52,50,15,81,82,83,84,0,0,0,0,0,0
58,56,57,58,56,57,0,52,50,15,81,82,83,84,0,0,0,0,0,0
58,56,57,58,56,57,0,52,50,15,81,82,83,84,0,0,0,0,0,0
58,56,57,58,56,57,0,52,50,51,18,19,20,21,0,0,0,0,0,0
58,56,57,58,56,57,0,52,50,51,18,19,20,21,0,0,0,0,0,0
58,56,57,58,56,57,0,52,50,51,18,19,20,21,0,0,0,0,0,0
61,56,57,61,56,57,0,52,50,51,18,19,20,21,0,0,0,0,0,0
61,56,57,61,56,57,0,52,50,51,18,19,20,21,0,0,0,0,0,0
61,56,57,61,56,57,0,52,50,51,18,19,20,21,0,0,0,0,0,0
61,59,60,61,59,60,0,52,50,51,18,19,20,21,0,0,0,0,0,0
61,59,60,61,59,60,0,52,50,51,18,19,20,21,0,0,0,0,0,0
61,59,60,61,59,60,0,52,50,51,18,19,20,21,0,0,0,0,0,0
61,59,60,61,59,60,0,52,50,51,18,19,20,21,0,0,0,0,0,0
61,59,60,61,59,60,0,85,86,51,18,19,20,21,0,0,0,0,0,0
61,59,60,61,59,60,0,85,86,51,18,19,20,21,0,0,0,0,0,0
61,59,60,61,59,60,0,85,86,51,18,19,20,21,0,0,0,0,0,0
61,59,60,61,59,60,0,85,86,51,18,19,20,21,0,0,0,0,0,0
61,59,60,61,59,60,0,85,86,51,18,19,20,21,0,0,0,0,0,0
64,59,60,64,59,60,0,85,86,51,18,19,20,21,0,0,0,0,0,0
64,59,60,64,59,60,0,85,86,51,18,19,20,21,0,0,0,0,0,0
64,59,60,64,59,60,0,85,86,51,18,19,20,21,0,0,0,0,0,0
64,59,60,64,59,60,0,85,86,51,18,19,20,21,0,0,0,0,0,0
64,62,63,64,62,63,0,85,86,51,18,19,20,21,0,0,0,0,0,0
64,62,63,64,62,63,0,85,86,51,18,19,20,21,0,0,0,0,0,0
64,62,63,64,62,63,0,85,86,51,18,19,20,21,0,0,0,0,0,0
64,62,63,64,62,63,0,85,86,51,18,19,20,21,0,0,0,0,0,0
64,62,63,64,62,63,0,85,86,51,18,19,20,21,0,0,0,0,0,0
64,62,63,64,62,63,0,85,86,51,18,19,20,21,0,0,0,0,0,0
64,62,63,64,62,63,0,85,86,51,18,19,20,21,0,0,0,0,0,0
64,62,63,64,62,63,0,85,86,51,18,19,20,21,0,0,0,0,0,0
65,62,63,65,62,63,0,85,86,51,18,19,20,21,0,0,0,0,0,0
65,62,63,65,62,63,0,85,86,51,18,19,20,21,0,0,0,0,0,0
65,62,63,65,62,63,0,85,86,51,18,19,20,21,0,0,0,0,0,0
65,62,63,65,62,63,0,85,86,51,18,19,20,21,0,0,0,0,0,0
65,62,63,65,62,63,0,85,86,24,53,54,55,56,0,0,0,0,0,0
65,66,68,65,66,68,0,85,86,24,53,54,55,56,0,0,0,0,0,0
65,66,68,65,66,68,0,85,86,24,53,54,55,56,0,0,0,0,0,0
65,66,68,65,66,68,0,85,86,24,53,54,55,56,0,0,0,0,0,0
65,66,68,65,66,68,0,85,86,24,53,54,55,56,0,0,0,0,0,0
65,66,68,65,66,68,0,85,86,24,53,54,55,56,0,0,0,0,0,0
65,66,68,65,66,68,0,85,86,24,53,54,55,56,0,0,0,0,0,0
65,66,68,65,66,68,0,22,23,24,53,54,55,56,0,0,0,0,0,0
70,66,68,70,66,68,0,22,23,24,53,54,55,56,0,0,0,0,0,0
70,66,68,70,66,68,0,22,23,24,53,54,55,56,0,0,0,0,0,0
70,66,68,70,66,68,0,22,23,24,53,54,55,56,0,0,0,0,0,0
70,66,68,70,66,68,0,22,23,24,53,54,55,56,0,0,0,0,0,0
70,66,68,70,66,68,0,22,23,24,53,54,55,56,0,0,0,0,0,0
70,66,68,70,66,68,0,22,23,24,53,54,55,56,0,0,0,0,0,0
70,67,69,70,67,69,0,22,23,24,53,54,55,56,0,0,0,0,0,0
70,67,69,70,67,69,0,22,23,24,53,54,55,56,0,0,0,0,0,0
70,67,69,70,67,69,0,22,23,24,53,54,55,56,0,0,0,0,0,0
70,67,69,70,67,69,0,22,23,24,53,54,55,56,0,0,0,0,0,0
70,67,69,70,67,69,0,22,23,24,53,54,55,56,0,0,0,0,0,0
70,67,69,70,67,69,0,22,23,24,53,54,55,56,0,0,0,0,0,0
73,67,69,73,67,69,0,22,23,24,53,54,55,56,0,0,0,0,0,0
73,67,69,73,67,69,0,22,23,24,53,54,55,56,0,0,0,0,0,0
73,67,69,73,67,69,0,22,23,24,53,54,55,56,0,0,0,0,0,0
73,67,69,73,67,69,0,22,23,24,53,54,55,56,0,0,0,0,0,0
73,67,69,73,67,69,0,22,23,24,53,54,55,56,0,0,0,0,0,0
73,67,69,73,67,69,0,22,23,24,53,54,55,56,0,0,0,0,0,0
73,67,69,73,67,69,0,22,23,24,53,54,55,56,0,0,0,0,0,0
73,71,72,73,71,72,0,22,23,24,53,54,55,56,0,0,0,0,0,0
73,71,72,73,71,72,0,22,23,24,53,54,55,56,0,0,0,0,0,0
73,71,72,73,71,72,0,22,23,24,53,54,55,56,0,0,0,0,0,0
73,71,72,73,71,72,0,22,23,24,53,54,55,56,0,0,0,0,0,0
73,71,72,73,71,72,0,22,23,57,25,26,27,28,0,0,0,0,0,0
74,71,72,74,71,72,0,22,23,57,25,26,27,28,0,0,0,0,0,0
74,71,72,74,71,72,0,22,23,57,25,26,27,28,0,0,0,0,0,0
74,71,72,74,71,72,0,22,23,57,25,26,27,28,0,0,0,0,0,0
74,71,72,74,71,72,0,22,23,57,25,26,27,28,0,0,0,0,0,0
74,71,72,74,71,72,0,58,59,57,25,26,27,28,0,0,0,0,0,0
74,71,72,74,71,72,0,58,59,57,25,26,27,28,0,0,0,0,0,0
74,71,72,74,71,72,0,58,59,57,25,26,27,28,0,0,0,0,0,0
74,71,72,74,71,72,0,58,59,57,25,26,27,28,0,0,0,0,0,0
74,75,77,74,75,77,0,58,59,57,25,26,27,28,0,0,0,0,0,0
74,75,77,74,75,77,0,58,59,57,25,26,27,28,0,0,0,0,0,0
74,75,77,74,75,77,0,58,59,57,25,26,27,28,0,0,0,0,0,0
74,75,77,74,75,77,0,58,59,57,25,26,27,28,0,0,0,0,0,0
79,75,77,79,75,77,0,58,59,57,25,26,27,28,0,0,0,0,0,0
79,75,77,79,75,77,0,58,59,57,25,26,27,28,0,0,0,0,0,0
79,75,77,79,75,77,0,58,59,57,25,26,27,28,0,0,0,0,0,0
79,75,77,79,75,77,0,58,59,57,25,26,27,28,0,0,0,0,0,0
79,75,77,79,75,77,0,58,59,57,25,26,27,28,0,0,0,0,0,0
79,75,77,79,75,77,0,58,59,57,25,26,27,28,0,0,0,0,0,0
79,75,77,79,75,77,0,58,59,57,25,26,27,28,0,0,0,0,0,0
79,75,77,79,75,77,0,58,59,57,25,26,27,28,0,0,0,0,0,0
79,75,77,79,75,77,0,58,59,57,25,26,27,28,0,0,0,0,0,0
79,76,78,79,76,78,0,58,59,57,25,26,27,28,0,0,0,0,0,0
79,76,78,79,76,78,0,58,59,57,25,26,27,28,0,0,0,0,0,0
79,76,78,79,76,78,0,58,59,57,25,26,27,28,0,0,0,0,0,0
80,76,78,80,76,78,0,58,59,57,25,26,27,28,0,0,0,0,0,0
80,76,78,80,76,78,0,58,59,57,25,26,27,28,0,0,0,0,0,0
80,76,78,80,76,78,0,58,59,57,25,26,27,28,0,0,0,0,0,0
80,76,78,80,76,78,0,58,59,57,25,26,27,28,0,0,0,0,0,0
80,76,78,80,76,78,0,58,59,57,25,26,27,28,0,0,0,0,0,0
80,76,78,80,76,78,0,58,59,30,25,26,27,28,0,0,0,0,0,0
80,76,78,80,76,78,0,58,59,30,60,61,62,63,0,0,0,0,0,0
80,76,78,80,76,78,0,58,59,30,60,61,62,63,0,0,0,0,0,0
80,76,78,80,76,78,0,31,29,30,60,61,62,63,0,0,0,0,0,0
80,76,78,80,76,78,0,31,29,30,60,61,62,63,0,0,0,0,0,0
80,81,83,80,81,83,0,31,29,30,60,61,62,63,0,0,0,0,0,0
80,81,83,80,81,83,0,31,29,30,60,61,62,63,0,0,0,0,0,0
85,81,83,85,81,83,0,31,29,30,60,61,62,63,0,0,0,0,0,0
85,81,83,85,81,83,0,31,29,30,60,61,62,63,0,0,0,0,0,0
85,81,83,85,81,83,0,31,29,30,60,61,62,63,0,0,0,0,0,0
85,81,83,85,81,83,0,31,29,30,60,61,62,63,0,0,0,0,0,0
85,81,83,85,81,83,0,31,29,30,60,61,62,63,0,0,0,0,0,0
85,81,83,85,81,83,0,31,29,30,60,61,62,63,0,0,0,0,0,0
85,81,83,85,81,83,0,31,29,30,60,61,62,63,0,0,0,0,0,0
85,81,83,85,81,83,0,31,29,30,60,61,62,63,0,0,0,0,0,0
85,81,83,85,81,83,0,31,29,30,60,61,62,63,0,0,0,0,0,0
85,81,83,85,81,83,0,31,29,30,60,61,62,63,0,0,0,0,0,0
85,81,83,85,81,83,0,31,29,30,60,61,62,63,0,0,0,0,0,0
85,82,84,85,82,84,0,31,29,30,60,61,62,63,0,0,0,0,0,0
86,82,84,86,82,84,0,31,29,30,60,61,62,63,0,0,0,0,0,0
86,82,84,86,82,84,0,31,29,30,60,61,62,63,0,0,0,0,0,0
86,82,84,86,82,84,0,31,29,30,60,61,62,63,0,0,0,0,0,0
86,82,84,86,82,84,0,31,29,30,60,61,62,63,0,0,0,0,0,0
86,82,84,86,82,84,0,31,29,30,60,61,62,63,0,0,0,0,0,0
86,82,84,86,82,84,0,31,29,30,60,61,62,63,0,0,0,0,0,0
86,82,84,86,82,84,0,31,29,30,60,61,62,63,0,0,0,0,0,0
86,82,84,86,82,84,0,31,29,30,60,61,62,63,0,0,0,0,0,0
86,82,84,86,82,84,0,31,29,30,60,61,62,63,0,0,0,0,0,0
86,82,84,86,82,84,0,31,29,30,60,61,62,63,0,0,0,0,0,0
86,82,84,86,82,84,0,31,29,30,60,61,62,63,0,0,0,0,0,0
86,82,84,86,82,84,0,31,29,30,60,61,62,63,0,0,0,0,0,0