7,0,0,7,0,1,0,1,1,1,1,1,0,5,1,5,0,0,5,0
7,0,0,7,0,1,0,1,1,1,1,1,0,5,1,5,0,0,5,0
7,0,0,7,0,2,0,2,2,2,2,2,0,5,2,5,0,0,5,0
7,0,0,7,0,2,0,2,2,2,2,2,0,5,2,5,0,0,5,0
7,0,0,7,0,3,0,3,3,3,3,3,0,5,3,5,0,0,5,0
7,0,0,7,0,3,0,3,3,3,3,3,0,5,3,5,0,0,5,0
7,0,0,7,0,4,0,4,4,4,4,4,0,5,4,5,0,0,5,0
7,0,0,7,0,4,0,4,4,4,4,4,0,5,4,5,0,0,5,0
7,0,0,7,0,5,0,10,10,10,5,10,0,5,10,5,0,0,5,0
7,0,0,7,0,5,0,10,10,10,5,10,0,5,10,5,0,0,5,0
7,0,0,7,0,5,0,11,11,11,5,11,0,5,11,5,0,0,5,0
7,0,0,7,0,5,0,11,11,11,5,11,0,5,11,5,0,0,5,0
7,0,0,7,0,5,0,13,13,13,5,13,0,5,13,5,0,0,5,0
7,0,0,7,0,5,0,13,13,13,5,13,0,5,13,5,0,0,5,0
7,0,0,7,0,5,0,21,21,21,5,21,0,5,21,5,0,0,5,0
7,0,0,7,0,5,0,21,21,21,5,21,0,5,21,5,0,0,5,0
7,0,0,7,0,5,0,23,23,23,5,23,0,6,23,6,0,0,6,0
7,0,0,7,0,5,0,23,23,23,5,23,0,6,23,6,0,0,6,0
7,0,0,7,0,5,0,24,24,24,5,24,0,6,24,6,0,0,6,0
7,0,0,7,0,5,0,24,24,24,5,24,0,6,24,6,0,0,6,0
7,0,0,7,0,5,0,27,27,27,5,27,0,6,27,6,0,0,6,0
7,0,0,7,0,5,0,27,27,27,5,27,0,6,27,6,0,0,6,0
8,0,0,8,0,5,0,29,29,29,5,29,0,6,29,6,0,0,6,0
8,0,0,8,0,5,0,29,29,29,5,29,0,6,29,6,0,0,6,0
8,0,0,8,0,6,0,30,30,30,6,30,0,6,30,6,0,0,6,0
8,0,0,8,0,6,0,30,30,30,6,30,0,6,30,6,0,0,6,0
8,0,0,8,0,6,0,33,33,33,6,33,0,6,33,6,0,0,6,0
8,0,0,8,0,6,0,33,33,33,6,33,0,6,33,6,0,0,6,0
8,0,0,8,0,6,0,34,34,34,6,34,0,6,34,6,0,0,6,0
8,0,0,8,0,6,0,34,34,34,6,34,0,6,34,6,0,0,6,0
8,0,0,8,0,6,0,36,36,36,6,36,0,6,36,6,0,0,6,0
8,0,0,8,0,6,0,36,36,36,6,36,0,6,36,6,0,0,6,0
8,0,0,8,0,6,0,39,39,39,6,39,0,14,39,14,0,0,14,0
8,0,0,8,0,6,0,39,39,39,6,39,0,14,39,14,0,0,14,0
8,0,0,8,0,6,0,40,40,40,6,40,0,14,40,14,0,0,14,0
8,0,0,8,0,6,0,40,40,40,6,40,0,14,40,14,0,0,14,0
8,0,0,8,0,6,0,42,42,42,6,42,0,14,42,14,0,0,14,0
8,0,0,8,0,6,0,42,42,42,6,42,0,14,42,14,0,0,14,0
8,0,0,8,0,6,0,46,46,46,6,46,0,14,46,14,0,0,14,0
8,0,0,8,0,6,0,46,46,46,6,46,0,14,46,14,0,0,14,0
8,0,0,8,0,10,0,47,47,47,10,47,0,14,47,14,0,0,14,0
8,0,0,8,0,10,0,47,47,47,10,47,0,14,47,14,0,0,14,0
8,0,0,8,0,11,0,49,49,49,11,49,0,14,49,14,0,0,14,0
8,0,0,8,0,11,0,49,49,49,11,49,0,14,49,14,0,0,14,0
9,0,0,9,0,13,0,51,51,51,13,51,0,14,51,14,0,0,14,0
9,0,0,9,0,13,0,51,51,51,13,51,0,14,51,14,0,0,14,0
9,0,0,9,0,14,0,7,0,0,14,0,0,14,0,14,0,0,14,0
9,0,0,9,0,14,0,7,0,0,14,0,0,14,0,14,0,0,14,0
9,0,0,9,0,14,0,7,0,0,14,0,0,16,0,16,0,0,16,0
9,0,0,9,0,14,0,7,0,0,14,0,0,16,0,16,0,0,16,0
9,0,0,9,0,14,0,7,0,0,14,0,0,16,0,16,0,0,16,0
9,0,0,9,0,14,0,7,0,0,14,0,0,16,0,16,0,0,16,0
9,0,0,9,0,14,0,7,0,0,14,0,0,16,0,16,0,0,16,0
9,0,0,9,0,14,0,7,0,0,14,0,0,16,0,16,0,0,16,0
9,0,0,9,0,14,0,7,0,0,14,0,0,16,0,16,0,0,16,0
9,0,0,9,0,14,0,7,0,0,14,0,0,16,0,16,0,0,16,0
9,0,0,9,0,14,0,7,0,0,14,0,0,16,0,16,0,0,16,0
9,0,0,9,0,14,0,7,0,0,14,0,0,16,0,16,0,0,16,0
9,0,0,9,0,14,0,7,0,0,14,0,0,16,0,16,0,0,16,0
9,0,0,9,0,14,0,7,0,0,14,0,0,16,0,16,0,0,16,0
9,0,0,9,0,14,0,7,0,0,14,0,0,16,0,16,0,0,16,0
9,0,0,9,0,14,0,7,0,0,14,0,0,16,0,16,0,0,16,0
9,0,0,9,0,16,0,7,0,0,16,0,0,16,0,16,0,0,16,0
9,0,0,9,0,16,0,7,0,0,16,0,0,16,0,16,0,0,16,0
9,0,0,9,0,16,0,7,0,0,16,0,0,18,0,18,0,0,18,0
9,0,0,9,0,16,0,8,0,0,16,0,0,18,0,18,0,0,18,0
12,0,0,12,0,16,0,8,0,0,16,0,0,18,0,18,0,0,18,0
12,0,0,12,0,16,0,8,0,0,16,0,0,18,0,18,0,0,18,0
12,0,0,12,0,16,0,8,0,0,16,0,0,18,0,18,0,0,18,0
12,0,0,12,0,16,0,8,0,0,16,0,0,18,0,18,0,0,18,0
12,0,0,12,0,16,0,8,0,0,16,0,0,18,0,18,0,0,18,0
12,0,0,12,0,16,0,8,0,0,16,0,0,18,0,18,0,0,18,0
12,0,0,12,0,16,0,8,0,0,16,0,0,18,0,18,0,0,18,0
12,0,0,12,0,16,0,8,0,0,16,0,0,18,0,18,0,0,18,0
12,0,0,12,0,16,0,8,0,0,16,0,0,18,0,18,0,0,18,0
12,0,0,12,0,16,0,8,0,0,16,0,0,18,0,18,0,0,18,0
12,0,0,12,0,16,0,8,0,0,16,0,0,18,0,18,0,0,18,0
12,0,0,12,0,16,0,8,0,0,16,0,0,18,0,18,0,0,18,0
12,0,0,12,0,18,0,8,0,0,18,0,0,18,0,18,0,0,18,0
12,0,0,12,0,18,0,8,0,0,18,0,0,18,0,18,0,0,18,0
12,0,0,12,0,18,0,8,0,0,18,0,0,19,0,19,0,0,19,0
12,0,0,12,0,18,0,8,0,0,18,0,0,19,0,19,0,0,19,0
12,0,0,12,0,18,0,8,0,0,18,0,0,19,0,19,0,0,19,0
12,0,0,12,0,18,0,8,0,0,18,0,0,19,0,19,0,0,19,0
12,0,0,12,0,18,0,9,0,0,18,0,0,19,0,19,0,0,19,0
12,0,0,12,0,18,0,9,0,0,18,0,0,19,0,19,0,0,19,0
12,0,0,12,0,18,0,9,0,0,18,0,0,19,0,19,0,0,19,0
12,0,0,12,0,18,0,9,0,0,18,0,0,19,0,19,0,0,19,0
15,0,0,15,0,18,0,9,0,0,18,0,0,19,0,19,0,0,19,0
15,0,0,15,0,18,0,9,0,0,18,0,0,19,0,19,0,0,19,0
15,0,0,15,0,18,0,9,0,0,18,0,0,19,0,19,0,0,19,0
15,0,0,15,0,18,0,9,0,0,18,0,0,19,0,19,0,0,19,0
15,0,0,15,0,18,0,9,0,0,18,0,0,19,0,19,0,0,19,0
15,0,0,15,0,18,0,9,0,0,18,0,0,19,0,19,0,0,19,0
15,0,0,15,0,19,0,9,0,0,19,0,0,19,0,19,0,0,19,0
15,0,0,15,0,19,0,9,0,0,19,0,0,19,0,19,0,0,19,0
15,0,0,15,0,19,0,9,0,0,19,0,0,25,0,25,0,0,25,0
15,0,0,15,0,19,0,9,0,0,19,0,0,25,0,25,0,0,25,0
15,0,0,15,0,19,0,9,0,0,19,0,0,25,0,25,0,0,25,0
15,0,0,15,0,19,0,9,0,0,19,0,0,25,0,25,0,0,25,0
15,0,0,15,0,19,0,9,0,0,19,0,0,25,0,25,0,0,25,0
15,0,0,15,0,19,0,9,0,0,19,0,0,25,0,25,0,0,25,0
15,0,0,15,0,19,0,9,0,0,19,0,0,25,0,25,0,0,25,0
15,0,0,15,0,19,0,12,0,0,19,0,0,25,0,25,0,0,25,0
15,0,0,15,0,19,0,12,0,0,19,0,0,25,0,25,0,0,25,0
15,0,0,15,0,19,0,12,0,0,19,0,0,25,0,25,0,0,25,0
15,0,0,15,0,19,0,12,0,0,19,0,0,25,0,25,0,0,25,0
15,0,0,15,0,19,0,12,0,0,19,0,0,25,0,25,0,0,25,0
15,0,0,15,0,19,0,12,0,0,19,0,0,25,0,25,0,0,25,0
15,0,0,15,0,19,0,12,0,0,19,0,0,25,0,25,0,0,25,0
17,0,0,17,0,21,0,12,0,0,21,0,0,25,0,25,0,0,25,0
17,0,0,17,0,21,0,12,0,0,21,0,0,25,0,25,0,0,25,0
17,0,0,17,0,23,0,12,0,0,23,0,0,32,0,32,0,0,32,0
17,0,0,17,0,23,0,12,0,0,23,0,0,32,0,32,0,0,32,0
17,0,0,17,0,24,0,12,0,0,24,0,0,32,0,32,0,0,32,0
17,0,0,17,0,24,0,12,0,0,24,0,0,32,0,32,0,0,32,0
17,0,0,17,0,25,0,12,0,0,25,0,0,32,0,32,0,0,32,0
17,0,0,17,0,25,0,12,0,0,25,0,0,32,0,32,0,0,32,0
17,0,0,17,0,25,0,12,0,0,25,0,0,32,0,32,0,0,32,0
17,0,0,17,0,25,0,12,0,0,25,0,0,32,0,32,0,0,32,0
17,0,0,17,0,25,0,12,0,0,25,0,0,32,0,32,0,0,32,0
17,0,0,17,0,25,0,12,0,0,25,0,0,32,0,32,0,0,32,0
17,0,0,17,0,25,0,15,0,0,25,0,0,32,0,32,0,0,32,0
17,0,0,17,0,25,0,15,0,0,25,0,0,32,0,32,0,0,32,0
17,0,0,17,0,25,0,15,0,0,25,0,0,32,0,32,0,0,32,0
17,0,0,17,0,25,0,15,0,0,25,0,0,32,0,32,0,0,32,0
17,0,0,17,0,25,0,15,0,0,25,0,0,32,0,32,0,0,32,0
17,0,0,17,0,25,0,15,0,0,25,0,0,32,0,32,0,0,32,0
17,0,0,17,0,25,0,15,0,0,25,0,0,35,0,35,0,0,35,0
17,0,0,17,0,25,0,15,0,0,25,0,0,35,0,35,0,0,35,0
17,0,0,17,0,25,0,15,0,0,25,0,0,35,0,35,0,0,35,0
17,0,0,17,0,25,0,15,0,0,25,0,0,35,0,35,0,0,35,0
20,0,0,20,0,27,0,15,0,0,27,0,0,35,0,35,0,0,35,0
20,0,0,20,0,27,0,15,0,0,27,0,0,35,0,35,0,0,35,0
20,0,0,20,0,29,0,15,0,0,29,0,0,35,0,35,0,0,35,0
20,0,0,20,0,29,0,15,0,0,29,0,0,35,0,35,0,0,35,0
20,0,0,20,0,30,0,15,0,0,30,0,0,35,0,35,0,0,35,0
20,0,0,20,0,30,0,15,0,0,30,0,0,35,0,35,0,0,35,0
20,0,0,20,0,32,0,15,0,0,32,0,0,35,0,35,0,0,35,0
20,0,0,20,0,32,0,15,0,0,32,0,0,35,0,35,0,0,35,0
20,0,0,20,0,32,0,15,0,0,32,0,0,35,0,35,0,0,35,0
20,0,0,20,0,32,0,17,0,0,32,0,0,35,0,35,0,0,35,0
20,0,0,20,0,32,0,17,0,0,32,0,0,35,0,35,0,0,35,0
20,0,0,20,0,32,0,17,0,0,32,0,0,35,0,35,0,0,35,0
20,0,0,20,0,32,0,17,0,0,32,0,0,38,0,38,0,0,38,0
20,0,0,20,0,32,0,17,0,0,32,0,0,38,0,38,0,0,38,0
20,0,0,20,0,32,0,17,0,0,32,0,0,38,0,38,0,0,38,0
20,0,0,20,0,32,0,17,0,0,32,0,0,38,0,38,0,0,38,0
20,0,0,20,0,32,0,17,0,0,32,0,0,38,0,38,0,0,38,0
20,0,0,20,0,32,0,17,0,0,32,0,0,38,0,38,0,0,38,0
20,0,0,20,0,32,0,17,0,0,32,0,0,38,0,38,0,0,38,0
20,0,0,20,0,32,0,17,0,0,32,0,0,38,0,38,0,0,38,0
20,0,0,20,0,32,0,17,0,0,32,0,0,38,0,38,0,0,38,0
20,0,0,20,0,32,0,17,0,0,32,0,0,38,0,38,0,0,38,0
22,0,0,22,0,33,0,17,0,0,33,0,0,38,0,38,0,0,38,0
22,0,0,22,0,33,0,17,0,0,33,0,0,38,0,38,0,0,38,0
22,0,0,22,0,34,0,17,0,0,34,0,0,38,0,38,0,0,38,0
22,0,0,22,0,34,0,17,0,0,34,0,0,38,0,38,0,0,38,0
22,0,0,22,0,35,0,17,0,0,35,0,0,38,0,38,0,0,38,0
22,0,0,22,0,35,0,17,0,0,35,0,0,38,0,38,0,0,38,0
22,0,0,22,0,35,0,20,0,0,35,0,0,43,0,43,0,0,43,0
22,0,0,22,0,35,0,20,0,0,35,0,0,43,0,43,0,0,43,0
22,0,0,22,0,35,0,20,0,0,35,0,0,43,0,43,0,0,43,0
22,0,0,22,0,35,0,20,0,0,35,0,0,43,0,43,0,0,43,0
22,0,0,22,0,35,0,20,0,0,35,0,0,43,0,43,0,0,43,0
22,0,0,22,0,35,0,20,0,0,35,0,0,43,0,43,0,0,43,0
22,0,0,22,0,35,0,20,0,0,35,0,0,43,0,43,0,0,43,0
22,0,0,22,0,35,0,20,0,0,35,0,0,43,0,43,0,0,43,0
22,0,0,22,0,35,0,20,0,0,35,0,0,43,0,43,0,0,43,0
22,0,0,22,0,35,0,20,0,0,35,0,0,43,0,43,0,0,43,0
22,0,0,22,0,35,0,20,0,0,35,0,0,43,0,43,0,0,43,0
22,0,0,22,0,35,0,20,0,0,35,0,0,43,0,43,0,0,43,0
22,0,0,22,0,35,0,20,0,0,35,0,0,43,0,43,0,0,43,0
22,0,0,22,0,35,0,20,0,0,35,0,0,43,0,43,0,0,43,0
22,0,0,22,0,36,0,20,0,0,36,0,0,43,0,43,0,0,43,0
22,0,0,22,0,36,0,20,0,0,36,0,0,43,0,43,0,0,43,0
26,0,0,26,0,38,0,20,0,0,38,0,0,44,0,44,0,0,44,0
26,0,0,26,0,38,0,20,0,0,38,0,0,44,0,44,0,0,44,0
26,0,0,26,0,38,0,20,0,0,38,0,0,44,0,44,0,0,44,0
26,0,0,26,0,38,0,22,0,0,38,0,0,44,0,44,0,0,44,0
26,0,0,26,0,38,0,22,0,0,38,0,0,44,0,44,0,0,44,0
26,0,0,26,0,38,0,22,0,0,38,0,0,44,0,44,0,0,44,0
26,0,0,26,0,38,0,22,0,0,38,0,0,44,0,44,0,0,44,0
26,0,0,26,0,38,0,22,0,0,38,0,0,44,0,44,0,0,44,0
26,0,0,26,0,38,0,22,0,0,38,0,0,44,0,44,0,0,44,0
26,0,0,26,0,38,0,22,0,0,38,0,0,44,0,44,0,0,44,0
26,0,0,26,0,38,0,22,0,0,38,0,0,44,0,44,0,0,44,0
26,0,0,26,0,38,0,22,0,0,38,0,0,44,0,44,0,0,44,0
26,0,0,26,0,38,0,22,0,0,38,0,0,44,0,44,0,0,44,0
26,0,0,26,0,38,0,22,0,0,38,0,0,44,0,44,0,0,44,0
26,0,0,26,0,38,0,22,0,0,38,0,0,44,0,44,0,0,44,0
26,0,0,26,0,38,0,22,0,0,38,0,0,44,0,44,0,0,44,0
26,0,0,26,0,39,0,22,0,0,39,0,0,50,0,50,0,0,50,0
26,0,0,26,0,39,0,22,0,0,39,0,0,50,0,50,0,0,50,0
26,0,0,26,0,40,0,22,0,0,40,0,0,50,0,50,0,0,50,0
26,0,0,26,0,40,0,22,0,0,40,0,0,50,0,50,0,0,50,0
26,0,0,26,0,42,0,22,0,0,42,0,0,50,0,50,0,0,50,0
26,0,0,26,0,42,0,22,0,0,42,0,0,50,0,50,0,0,50,0
28,0,0,28,0,43,0,26,0,0,43,0,0,50,0,50,0,0,50,0
28,0,0,28,0,43,0,26,0,0,43,0,0,50,0,50,0,0,50,0
28,0,0,28,0,43,0,26,0,0,43,0,0,50,0,50,0,0,50,0
28,0,0,28,0,43,0,26,0,0,43,0,0,50,0,50,0,0,50,0
28,0,0,28,0,43,0,26,0,0,43,0,0,50,0,50,0,0,50,0
28,0,0,28,0,43,0,26,0,0,43,0,0,50,0,50,0,0,50,0
28,0,0,28,0,43,0,26,0,0,43,0,0,50,0,50,0,0,50,0
28,0,0,28,0,43,0,26,0,0,43,0,0,50,0,50,0,0,50,0
28,0,0,28,0,43,0,26,0,0,43,0,0,50,0,50,0,0,50,0
28,0,0,28,0,43,0,26,0,0,43,0,0,50,0,50,0,0,50,0
28,0,0,28,0,43,0,26,0,0,43,0,0,53,0,53,0,0,53,0
28,0,0,28,0,43,0,26,0,0,43,0,0,53,0,53,0,0,53,0
28,0,0,28,0,43,0,26,0,0,43,0,0,53,0,53,0,0,53,0
28,0,0,28,0,43,0,26,0,0,43,0,0,53,0,53,0,0,53,0
28,0,0,28,0,43,0,26,0,0,43,0,0,53,0,53,0,0,53,0
28,0,0,28,0,43,0,26,0,0,43,0,0,53,0,53,0,0,53,0
28,0,0,28,0,44,0,26,0,0,44,0,0,53,0,53,0,0,53,0
28,0,0,28,0,44,0,26,0,0,44,0,0,53,0,53,0,0,53,0
28,0,0,28,0,44,0,26,0,0,44,0,0,53,0,53,0,0,53,0
28,0,0,28,0,44,0,28,0,0,44,0,0,53,0,53,0,0,53,0
28,0,0,28,0,44,0,28,0,0,44,0,0,53,0,53,0,0,53,0
28,0,0,28,0,44,0,28,0,0,44,0,0,53,0,53,0,0,53,0
31,0,0,31,0,44,0,28,0,0,44,0,0,53,0,53,0,0,53,0
31,0,0,31,0,44,0,28,0,0,44,0,0,53,0,53,0,0,53,0
31,0,0,31,0,44,0,28,0,0,44,0,0,53,0,53,0,0,53,0
31,0,0,31,0,44,0,28,0,0,44,0,0,53,0,53,0,0,53,0
31,0,0,31,0,44,0,28,0,0,44,0,0,55,0,55,0,0,55,0
31,0,0,31,0,44,0,28,0,0,44,0,0,55,0,55,0,0,55,0
31,0,0,31,0,44,0,28,0,0,44,0,0,55,0,55,0,0,55,0
31,0,0,31,0,44,0,28,0,0,44,0,0,55,0,55,0,0,55,0
31,0,0,31,0,44,0,28,0,0,44,0,0,55,0,55,0,0,55,0
31,0,0,31,0,44,0,28,0,0,44,0,0,55,0,55,0,0,55,0
31,0,0,31,0,46,0,28,0,0,46,0,0,55,0,55,0,0,55,0
31,0,0,31,0,46,0,28,0,0,46,0,0,55,0,55,0,0,55,0
31,0,0,31,0,47,0,28,0,0,47,0,0,55,0,55,0,0,55,0
31,0,0,31,0,47,0,28,0,0,47,0,0,55,0,55,0,0,55,0
31,0,0,31,0,49,0,28,0,0,49,0,0,55,0,55,0,0,55,0
31,0,0,31,0,49,0,28,0,0,49,0,0,55,0,55,0,0,55,0
31,0,0,31,0,50,0,31,0,0,50,0,0,55,0,55,0,0,55,0
31,0,0,31,0,50,0,31,0,0,50,0,0,55,0,55,0,0,55,0
31,0,0,31,0,50,0,31,0,0,50,0,0,55,0,55,0,0,55,0
31,0,0,31,0,50,0,31,0,0,50,0,0,55,0,55,0,0,55,0
31,0,0,31,0,50,0,31,0,0,50,0,0,0,0,0,0,0,0,0
31,0,0,31,0,50,0,31,0,0,50,0,0,0,0,0,0,0,0,0
37,0,0,37,0,50,0,31,0,0,50,0,0,0,0,0,0,0,0,0
37,0,0,37,0,50,0,31,0,0,50,0,0,0,0,0,0,0,0,0
37,0,0,37,0,50,0,31,0,0,50,0,0,0,0,0,0,0,0,0
37,0,0,37,0,50,0,31,0,0,50,0,0,0,0,0,0,0,0,0
37,0,0,37,0,50,0,31,0,0,50,0,0,0,0,0,0,0,0,0
37,0,0,37,0,50,0,31,0,0,50,0,0,0,0,0,0,0,0,0
37,0,0,37,0,50,0,31,0,0,50,0,0,0,0,0,0,0,0,0
37,0,0,37,0,50,0,31,0,0,50,0,0,0,0,0,0,0,0,0
37,0,0,37,0,50,0,31,0,0,50,0,0,0,0,0,0,0,0,0
37,0,0,37,0,50,0,31,0,0,50,0,0,0,0,0,0,0,0,0
37,0,0,37,0,51,0,31,0,0,51,0,0,0,0,0,0,0,0,0
37,0,0,37,0,51,0,31,0,0,51,0,0,0,0,0,0,0,0,0
37,0,0,37,0,53,0,31,0,0,53,0,0,0,0,0,0,0,0,0
37,0,0,37,0,53,0,37,0,0,53,0,0,0,0,0,0,0,0,0
37,0,0,37,0,53,0,37,0,0,53,0,0,0,0,0,0,0,0,0
37,0,0,37,0,53,0,37,0,0,53,0,0,0,0,0,0,0,0,0
37,0,0,37,0,53,0,37,0,0,53,0,0,0,0,0,0,0,0,0
37,0,0,37,0,53,0,37,0,0,53,0,0,0,0,0,0,0,0,0
37,0,0,37,0,53,0,37,0,0,53,0,0,0,0,0,0,0,0,0
37,0,0,37,0,53,0,37,0,0,53,0,0,0,0,0,0,0,0,0
37,0,0,37,0,53,0,37,0,0,53,0,0,0,0,0,0,0,0,0
41,0,0,41,0,53,0,37,0,0,53,0,0,0,0,0,0,0,0,0
41,0,0,41,0,53,0,37,0,0,53,0,0,0,0,0,0,0,0,0
41,0,0,41,0,53,0,37,0,0,53,0,0,0,0,0,0,0,0,0
41,0,0,41,0,53,0,37,0,0,53,0,0,0,0,0,0,0,0,0
41,0,0,41,0,53,0,37,0,0,53,0,0,0,0,0,0,0,0,0
41,0,0,41,0,53,0,37,0,0,53,0,0,0,0,0,0,0,0,0
41,0,0,41,0,53,0,37,0,0,53,0,0,0,0,0,0,0,0,0
41,0,0,41,0,55,0,37,0,0,55,0,0,0,0,0,0,0,0,0
41,0,0,41,0,55,0,37,0,0,55,0,0,0,0,0,0,0,0,0
41,0,0,41,0,55,0,37,0,0,55,0,0,0,0,0,0,0,0,0
41,0,0,41,0,55,0,37,0,0,55,0,0,0,0,0,0,0,0,0
41,0,0,41,0,55,0,41,0,0,55,0,0,0,0,0,0,0,0,0
41,0,0,41,0,55,0,41,0,0,55,0,0,0,0,0,0,0,0,0
41,0,0,41,0,55,0,41,0,0,55,0,0,0,0,0,0,0,0,0
41,0,0,41,0,55,0,41,0,0,55,0,0,0,0,0,0,0,0,0
41,0,0,41,0,55,0,41,0,0,55,0,0,0,0,0,0,0,0,0
41,0,0,41,0,55,0,41,0,0,55,0,0,0,0,0,0,0,0,0
41,0,0,41,0,55,0,41,0,0,55,0,0,0,0,0,0,0,0,0
41,0,0,41,0,55,0,41,0,0,55,0,0,0,0,0,0,0,0,0
41,0,0,41,0,55,0,41,0,0,55,0,0,0,0,0,0,0,0,0
41,0,0,41,0,55,0,41,0,0,55,0,0,0,0,0,0,0,0,0
45,0,0,45,0,55,0,41,0,0,55,0,0,0,0,0,0,0,0,0
45,0,0,45,0,55,0,41,0,0,55,0,0,0,0,0,0,0,0,0
45,0,0,45,0,0,0,41,0,0,0,0,0,0,0,0,0,0,0,0
45,0,0,45,0,0,0,41,0,0,0,0,0,0,0,0,0,0,0,0
45,0,0,45,0,0,0,41,0,0,0,0,0,0,0,0,0,0,0,0
45,0,0,45,0,0,0,41,0,0,0,0,0,0,0,0,0,0,0,0
45,0,0,45,0,0,0,41,0,0,0,0,0,0,0,0,0,0,0,0
45,0,0,45,0,0,0,41,0,0,0,0,0,0,0,0,0,0,0,0
45,0,0,45,0,0,0,41,0,0,0,0,0,0,0,0,0,0,0,0
45,0,0,45,0,0,0,45,0,0,0,0,0,0,0,0,0,0,0,0
45,0,0,45,0,0,0,45,0,0,0,0,0,0,0,0,0,0,0,0
45,0,0,45,0,0,0,45,0,0,0,0,0,0,0,0,0,0,0,0
45,0,0,45,0,0,0,45,0,0,0,0,0,0,0,0,0,0,0,0
45,0,0,45,0,0,0,45,0,0,0,0,0,0,0,0,0,0,0,0
45,0,0,45,0,0,0,45,0,0,0,0,0,0,0,0,0,0,0,0
45,0,0,45,0,0,0,45,0,0,0,0,0,0,0,0,0,0,0,0
45,0,0,45,0,0,0,45,0,0,0,0,0,0,0,0,0,0,0,0
45,0,0,45,0,0,0,45,0,0,0,0,0,0,0,0,0,0,0,0
45,0,0,45,0,0,0,45,0,0,0,0,0,0,0,0,0,0,0,0
45,0,0,45,0,0,0,45,0,0,0,0,0,0,0,0,0,0,0,0
45,0,0,45,0,0,0,45,0,0,0,0,0,0,0,0,0,0,0,0
48,0,0,48,0,0,0,45,0,0,0,0,0,0,0,0,0,0,0,0
48,0,0,48,0,0,0,45,0,0,0,0,0,0,0,0,0,0,0,0
48,0,0,48,0,0,0,45,0,0,0,0,0,0,0,0,0,0,0,0
48,0,0,48,0,0,0,45,0,0,0,0,0,0,0,0,0,0,0,0
48,0,0,48,0,0,0,45,0,0,0,0,0,0,0,0,0,0,0,0
48,0,0,48,0,0,0,45,0,0,0,0,0,0,0,0,0,0,0,0
48,0,0,48,0,0,0,45,0,0,0,0,0,0,0,0,0,0,0,0
48,0,0,48,0,0,0,48,0,0,0,0,0,0,0,0,0,0,0,0
48,0,0,48,0,0,0,48,0,0,0,0,0,0,0,0,0,0,0,0
48,0,0,48,0,0,0,48,0,0,0,0,0,0,0,0,0,0,0,0
48,0,0,48,0,0,0,48,0,0,0,0,0,0,0,0,0,0,0,0
48,0,0,48,0,0,0,48,0,0,0,0,0,0,0,0,0,0,0,0
48,0,0,48,0,0,0,48,0,0,0,0,0,0,0,0,0,0,0,0
48,0,0,48,0,0,0,48,0,0,0,0,0,0,0,0,0,0,0,0
48,0,0,48,0,0,0,48,0,0,0,0,0,0,0,0,0,0,0,0
48,0,0,48,0,0,0,48,0,0,0,0,0,0,0,0,0,0,0,0
48,0,0,48,0,0,0,48,0,0,0,0,0,0,0,0,0,0,0,0
48,0,0,48,0,0,0,48,0,0,0,0,0,0,0,0,0,0,0,0
48,0,0,48,0,0,0,48,0,0,0,0,0,0,0,0,0,0,0,0
48,0,0,48,0,0,0,48,0,0,0,0,0,0,0,0,0,0,0,0
48,0,0,48,0,0,0,48,0,0,0,0,0,0,0,0,0,0,0,0
52,0,0,52,0,0,0,48,0,0,0,0,0,0,0,0,0,0,0,0
52,0,0,52,0,0,0,48,0,0,0,0,0,0,0,0,0,0,0,0
52,0,0,52,0,0,0,48,0,0,0,0,0,0,0,0,0,0,0,0
52,0,0,52,0,0,0,48,0,0,0,0,0,0,0,0,0,0,0,0
52,0,0,52,0,0,0,48,0,0,0,0,0,0,0,0,0,0,0,0
52,0,0,52,0,0,0,52,0,0,0,0,0,0,0,0,0,0,0,0
52,0,0,52,0,0,0,52,0,0,0,0,0,0,0,0,0,0,0,0
52,0,0,52,0,0,0,52,0,0,0,0,0,0,0,0,0,0,0,0
52,0,0,52,0,0,0,52,0,0,0,0,0,0,0,0,0,0,0,0
52,0,0,52,0,0,0,52,0,0,0,0,0,0,0,0,0,0,0,0
52,0,0,52,0,0,0,52,0,0,0,0,0,0,0,0,0,0,0,0
52,0,0,52,0,0,0,52,0,0,0,0,0,0,0,0,0,0,0,0
52,0,0,52,0,0,0,52,0,0,0,0,0,0,0,0,0,0,0,0
52,0,0,52,0,0,0,52,0,0,0,0,0,0,0,0,0,0,0,0
52,0,0,52,0,0,0,52,0,0,0,0,0,0,0,0,0,0,0,0
52,0,0,52,0,0,0,52,0,0,0,0,0,0,0,0,0,0,0,0
52,0,0,52,0,0,0,52,0,0,0,0,0,0,0,0,0,0,0,0
52,0,0,52,0,0,0,52,0,0,0,0,0,0,0,0,0,0,0,0
52,0,0,52,0,0,0,52,0,0,0,0,0,0,0,0,0,0,0,0
52,0,0,52,0,0,0,52,0,0,0,0,0,0,0,0,0,0,0,0
52,0,0,52,0,0,0,52,0,0,0,0,0,0,0,0,0,0,0,0
54,0,0,54,0,0,0,52,0,0,0,0,0,0,0,0,0,0,0,0
54,0,0,54,0,0,0,52,0,0,0,0,0,0,0,0,0,0,0,0
54,0,0,54,0,0,0,52,0,0,0,0,0,0,0,0,0,0,0,0
54,0,0,54,0,0,0,54,0,0,0,0,0,0,0,0,0,0,0,0
54,0,0,54,0,0,0,54,0,0,0,0,0,0,0,0,0,0,0,0
54,0,0,54,0,0,0,54,0,0,0,0,0,0,0,0,0,0,0,0
54,0,0,54,0,0,0,54,0,0,0,0,0,0,0,0,0,0,0,0
54,0,0,54,0,0,0,54,0,0,0,0,0,0,0,0,0,0,0,0
54,0,0,54,0,0,0,54,0,0,0,0,0,0,0,0,0,0,0,0
54,0,0,54,0,0,0,54,0,0,0,0,0,0,0,0,0,0,0,0
54,0,0,54,0,0,0,54,0,0,0,0,0,0,0,0,0,0,0,0
54,0,0,54,0,0,0,54,0,0,0,0,0,0,0,0,0,0,0,0
54,0,0,54,0,0,0,54,0,0,0,0,0,0,0,0,0,0,0,0
54,0,0,54,0,0,0,54,0,0,0,0,0,0,0,0,0,0,0,0
54,0,0,54,0,0,0,54,0,0,0,0,0,0,0,0,0,0,0,0
54,0,0,54,0,0,0,54,0,0,0,0,0,0,0,0,0,0,0,0
54,0,0,54,0,0,0,54,0,0,0,0,0,0,0,0,0,0,0,0
54,0,0,54,0,0,0,54,0,0,0,0,0,0,0,0,0,0,0,0
54,0,0,54,0,0,0,54,0,0,0,0,0,0,0,0,0,0,0,0
54,0,0,54,0,0,0,54,0,0,0,0,0,0,0,0,0,0,0,0
54,0,0,54,0,0,0,54,0,0,0,0,0,0,0,0,0,0,0,0