5,9,12,5,9,1,2,1,1,1,1,1,2,2,1,2,3,3,2,3
5,9,12,5,9,1,2,1,1,1,1,1,2,2,1,2,3,3,2,3
5,9,12,5,9,3,2,3,4,6,3,4,2,2,3,2,4,6,2,4
5,9,12,5,9,3,2,3,4,6,3,4,2,2,3,2,4,6,2,4
5,9,12,5,9,7,2,8,4,6,6,4,2,2,4,2,4,6,2,4
5,9,12,5,9,7,2,8,4,6,6,4,2,2,4,2,4,6,2,4
5,9,12,5,9,7,2,8,4,6,6,4,2,2,4,2,4,6,2,4
5,9,12,5,9,7,2,8,4,6,6,4,2,2,4,2,4,6,2,4
5,9,12,5,9,7,2,8,4,6,6,4,2,2,4,2,4,6,2,4
5,9,12,5,9,7,2,8,4,6,6,4,2,2,4,2,4,6,2,4
5,9,12,5,9,7,2,8,4,6,6,4,2,2,4,2,4,6,2,4
5,9,12,5,9,7,2,8,4,6,6,4,2,2,4,2,4,6,2,4
5,9,12,5,9,7,2,8,4,6,6,4,2,2,4,2,4,6,2,4
5,9,12,5,9,7,2,8,4,6,6,4,2,2,4,2,4,6,2,4
5,9,12,5,9,7,2,8,4,6,6,4,2,2,4,2,4,6,2,4
5,9,12,5,9,7,2,8,4,6,6,4,2,2,4,2,4,6,2,4
5,9,12,5,9,7,10,8,4,6,6,4,6,7,4,6,4,6,7,4
5,9,12,5,9,7,10,8,4,6,6,4,6,7,4,6,4,6,7,4
5,9,12,5,9,7,10,8,15,11,6,7,6,7,4,6,7,8,7,8
5,9,12,5,9,7,10,8,15,11,6,7,6,7,4,6,7,8,7,8
5,9,12,5,9,16,10,17,15,11,10,7,6,7,8,6,7,8,7,8
5,9,12,5,9,16,10,17,15,11,10,7,6,7,8,6,7,8,7,8
13,9,12,5,9,16,10,17,15,11,10,7,6,7,8,6,7,8,7,8
13,9,12,22,9,16,10,17,15,11,10,7,6,7,8,6,7,8,7,8
13,9,12,22,9,16,10,17,15,11,10,7,6,7,8,6,7,8,7,8
13,14,12,22,14,16,10,17,15,11,10,7,6,7,8,6,7,8,7,8
13,14,12,22,14,16,10,17,15,11,10,7,6,7,8,6,7,8,7,8
13,14,12,22,14,16,10,17,15,11,10,7,6,7,8,6,7,8,7,8
13,14,12,22,14,16,10,17,15,11,10,7,6,7,8,6,7,8,7,8
13,14,12,22,14,16,10,17,15,11,10,7,6,7,8,6,7,8,7,8
13,14,12,22,14,16,10,17,15,11,10,7,6,7,8,6,7,8,7,8
13,14,19,22,14,16,10,17,15,11,10,7,6,7,8,6,7,8,7,8
13,14,19,22,14,16,20,17,15,11,10,7,8,10,8,10,7,8,10,8
13,14,19,22,14,16,20,17,15,11,10,7,8,10,8,10,7,8,10,8
13,14,19,22,14,16,20,17,18,18,10,11,8,10,8,10,11,15,10,11
13,14,19,22,14,16,20,17,18,18,10,11,8,10,8,10,11,15,10,11
13,14,19,22,14,18,20,18,21,27,15,11,8,10,11,10,11,15,10,11
13,14,19,22,14,18,20,18,21,27,15,11,8,10,11,10,11,15,10,11
13,14,19,22,14,24,20,27,21,28,15,11,8,10,11,10,11,15,10,11
13,14,19,22,14,24,20,27,21,28,15,11,8,10,11,10,11,15,10,11
13,14,19,22,14,24,20,29,21,28,15,11,8,10,11,10,11,15,10,11
13,14,19,22,14,24,20,29,21,28,15,11,8,10,11,10,11,15,10,11
13,14,19,22,14,24,20,30,21,28,15,11,8,10,11,10,11,15,10,11
13,14,19,22,14,24,20,30,21,28,15,11,8,10,11,10,11,15,10,11
22,14,19,22,14,24,20,31,21,28,15,11,8,10,11,10,11,15,10,11
22,14,19,22,14,24,20,31,21,28,15,11,8,10,11,10,11,15,10,11
22,14,19,26,14,24,20,32,21,28,15,11,8,10,11,10,11,15,10,11
22,14,19,26,14,24,20,32,21,28,15,11,8,10,11,10,11,15,10,11
22,14,19,26,14,24,35,33,21,28,15,11,15,15,11,16,11,15,16,11
22,14,19,26,14,24,35,33,21,28,15,11,15,15,11,16,11,15,16,11
22,23,19,26,34,24,35,33,21,28,15,16,15,15,11,16,16,17,16,17
22,23,19,26,34,24,35,33,21,28,15,16,15,15,11,16,16,17,16,17
22,23,19,26,34,24,35,33,27,28,18,16,15,15,17,16,16,17,16,17
22,23,19,26,34,24,35,33,27,28,18,16,15,15,17,16,16,17,16,17
22,23,19,26,34,27,35,33,29,29,20,16,15,15,17,16,16,17,16,17
22,23,19,26,34,27,35,33,29,29,20,16,15,15,17,16,16,17,16,17
22,23,19,26,34,29,35,33,30,30,20,16,15,15,17,16,16,17,16,17
22,23,19,26,34,29,35,33,30,30,20,16,15,15,17,16,16,17,16,17
22,23,19,26,34,30,35,33,31,31,20,16,15,15,17,16,16,17,16,17
22,23,19,26,34,30,35,33,31,31,20,16,15,15,17,16,16,17,16,17
22,23,19,26,34,31,35,33,32,32,20,16,15,15,17,16,16,17,16,17
22,23,19,26,34,31,35,33,32,32,20,16,15,15,17,16,16,17,16,17
22,23,25,26,34,32,35,33,36,36,20,16,15,15,17,16,16,17,16,17
22,23,25,26,34,32,35,33,36,36,20,16,15,15,17,16,16,17,16,17
22,23,25,26,34,36,40,36,37,41,20,16,17,20,17,18,16,17,20,17
22,23,25,26,34,36,40,36,37,41,20,16,17,20,17,18,16,17,20,17
26,23,25,26,34,42,40,44,37,41,20,24,17,20,17,20,18,21,20,21
26,23,25,26,34,42,40,44,37,41,20,24,17,20,17,20,18,21,20,21
26,23,25,26,34,42,40,44,37,41,20,24,17,20,21,20,21,21,20,21
26,23,25,39,34,42,40,44,37,41,20,24,17,20,21,20,21,21,20,21
26,23,25,39,34,42,40,44,37,41,24,24,17,20,21,20,21,21,20,21
26,23,25,39,34,42,40,44,37,41,24,24,17,20,21,20,21,21,20,21
26,23,25,39,34,42,40,44,37,41,24,24,17,20,21,20,21,21,20,21
26,23,25,39,34,42,40,44,37,41,24,24,17,20,21,20,21,21,20,21
26,23,25,39,34,42,40,44,37,41,24,24,17,20,21,20,21,21,20,21
26,34,25,39,43,42,40,44,37,41,24,24,17,20,21,20,21,21,20,21
26,34,25,39,43,42,40,44,37,41,24,24,17,20,21,20,21,21,20,21
26,34,25,39,43,42,40,44,37,41,24,24,17,20,21,20,21,21,20,21
26,34,25,39,43,42,40,44,37,41,24,24,17,20,21,20,21,21,20,21
26,34,25,39,43,42,40,44,37,41,24,24,17,20,21,20,21,21,20,21
26,34,25,39,43,42,51,44,45,45,24,24,27,24,21,20,21,21,24,21
26,34,25,39,43,42,51,44,45,45,24,24,27,24,21,20,21,21,24,21
26,34,25,39,43,45,51,45,49,49,24,27,28,24,21,28,21,27,24,28
26,34,25,39,43,45,51,45,49,49,24,27,28,24,21,28,21,27,24,28
26,34,25,39,43,49,51,49,50,50,24,29,28,24,29,28,30,28,24,28
26,34,25,39,43,49,51,49,50,50,24,29,28,24,29,28,30,28,24,28
26,34,25,39,43,50,51,50,52,53,29,30,28,24,31,28,31,28,24,28
26,34,25,39,43,50,51,50,52,53,29,30,28,24,31,28,31,28,24,28
43,34,25,39,43,53,51,53,52,54,30,32,28,24,32,28,33,28,24,28
43,34,25,39,43,53,51,53,52,54,30,32,28,24,32,28,33,28,24,28
43,34,25,39,43,61,51,58,52,54,31,33,28,24,33,28,33,28,24,28
43,34,25,39,43,61,51,58,52,54,31,33,28,24,33,28,33,28,24,28
43,34,25,47,43,63,51,58,52,54,32,33,28,24,33,28,33,28,24,28
43,34,38,47,43,63,51,58,52,54,32,33,28,24,33,28,33,28,24,28
43,34,38,47,43,64,51,58,52,54,35,33,28,24,33,28,33,28,24,28
43,34,38,47,43,64,51,58,52,54,35,33,28,24,33,28,33,28,24,28
43,34,38,47,43,64,65,58,52,54,35,33,28,35,33,28,33,28,33,28
43,34,38,47,43,64,65,58,52,54,35,33,28,35,33,28,33,28,33,28
43,34,38,47,43,64,65,58,52,54,35,33,35,35,33,35,33,28,33,37
43,34,38,47,43,64,65,58,52,54,35,33,35,35,33,35,33,28,33,37
43,46,38,47,48,64,65,58,52,54,35,33,35,35,33,35,33,36,33,37
43,46,38,47,48,64,65,58,52,54,35,33,35,35,33,35,33,36,33,37
43,46,38,47,48,64,65,58,53,54,35,33,35,35,33,35,33,37,33,37
43,46,38,47,48,64,65,58,53,54,35,33,35,35,33,35,33,37,33,37
43,46,38,47,48,64,65,58,61,61,35,33,35,35,33,35,36,37,33,37
43,46,38,47,48,64,65,58,61,61,35,33,35,35,33,35,36,37,33,37
43,46,38,47,48,64,65,61,63,63,35,36,35,35,37,35,37,37,33,37
43,46,38,47,48,64,65,61,63,63,35,36,35,35,37,35,37,37,33,37
43,46,38,47,48,64,65,63,66,66,35,40,35,35,37,35,37,37,33,37
43,46,38,47,48,64,65,63,66,66,35,40,35,35,37,35,37,37,33,37
47,46,38,47,48,66,65,66,67,69,40,40,35,35,37,35,37,37,33,37
47,46,38,47,48,66,65,66,67,69,40,40,35,35,37,35,37,37,33,37
47,46,38,47,48,69,78,69,67,70,40,40,35,40,37,35,37,37,40,37
47,46,38,47,48,69,78,69,67,70,40,40,35,40,37,35,37,37,40,37
47,46,38,47,48,70,78,70,67,72,40,40,41,40,37,41,37,37,40,41
47,46,38,57,48,70,78,70,67,72,40,40,41,40,37,41,37,37,40,41
47,46,38,57,48,71,78,72,67,73,40,40,41,40,37,41,37,37,40,41
47,46,38,57,48,71,78,72,67,73,40,40,41,40,37,41,37,37,40,41
47,46,38,57,48,71,78,73,67,74,40,40,41,40,37,41,37,41,40,41
47,46,38,57,48,71,78,73,67,74,40,40,41,40,37,41,37,41,40,41
47,46,38,57,48,71,78,74,67,79,40,40,41,40,37,41,37,41,40,41
47,46,38,57,48,71,78,74,67,79,40,40,41,40,37,41,37,41,40,41
47,46,38,57,48,71,78,79,67,80,40,40,41,40,42,41,42,41,40,41
47,46,38,57,48,71,78,79,67,80,40,40,41,40,42,41,42,41,40,41
47,46,55,57,48,71,78,80,67,81,40,42,41,40,42,41,42,41,40,41
47,48,55,57,59,71,78,80,67,81,40,42,41,40,42,41,42,41,40,41
47,48,55,57,59,71,78,83,69,81,42,42,41,40,42,41,42,41,40,41
47,48,55,57,59,71,78,83,69,81,42,42,41,40,42,41,42,41,40,41
47,48,55,57,59,71,92,84,70,81,42,42,41,44,42,41,42,41,44,41
47,48,55,57,59,71,92,84,70,81,42,42,41,44,42,41,42,41,44,41
47,48,55,57,59,71,92,84,72,81,42,42,44,44,42,44,42,41,44,45
47,48,55,57,59,71,92,84,72,81,42,42,44,44,42,44,42,41,44,45
57,48,55,57,59,72,92,84,73,81,42,42,44,44,42,44,42,41,44,51
57,48,55,57,59,72,92,84,73,81,42,42,44,44,42,44,42,41,44,51
57,48,55,57,59,73,92,84,74,81,42,42,44,44,42,44,42,49,44,51
57,48,55,57,59,73,92,84,74,81,42,42,44,44,42,44,42,49,44,51
57,48,55,57,59,74,92,84,79,81,42,42,44,44,42,44,42,50,44,51
57,48,55,57,59,74,92,84,79,81,42,42,44,44,42,44,42,50,44,51
57,48,55,62,59,79,92,84,80,81,42,42,44,44,45,44,49,51,44,51
57,48,55,62,59,79,92,84,80,81,42,42,44,44,45,44,49,51,44,51
57,48,55,62,59,80,92,84,83,83,42,49,44,44,50,44,50,51,44,51
57,48,55,62,59,80,92,84,83,83,42,49,44,44,50,44,50,51,44,51
57,48,55,62,59,83,92,84,91,91,45,51,44,44,51,44,52,51,44,51
57,48,55,62,59,83,92,84,91,91,45,51,44,44,51,44,52,51,44,51
57,48,55,62,59,91,99,91,95,96,52,51,44,52,51,44,52,51,52,51
57,48,55,62,59,91,99,91,95,96,52,51,44,52,51,44,52,51,52,51
57,48,55,62,59,93,99,96,95,98,52,51,53,52,51,53,52,51,52,51
57,48,55,62,59,93,99,96,95,98,52,51,53,52,51,53,52,51,52,51
57,48,55,62,59,93,99,97,95,100,52,51,54,52,51,54,52,51,52,54
57,48,55,62,59,93,99,97,95,100,52,51,54,52,51,54,52,51,52,54
57,59,55,62,68,93,99,97,95,101,52,51,54,52,51,54,52,51,52,54
57,59,55,62,68,93,99,97,95,101,52,51,54,52,51,54,52,51,52,54
57,59,55,62,68,93,99,97,95,101,52,51,54,52,51,54,52,51,52,54
57,59,55,62,68,93,99,97,95,101,52,51,54,52,51,54,52,51,52,54
68,59,55,62,68,93,99,97,95,101,52,51,54,52,51,54,52,54,52,54
68,59,56,62,68,93,99,97,95,101,52,51,54,52,51,54,52,54,52,54
68,59,56,62,68,93,99,97,95,101,52,51,54,52,51,54,52,54,52,54
68,59,56,62,68,93,99,97,95,101,52,51,54,52,51,54,52,54,52,54
68,59,56,62,68,93,99,97,95,101,52,53,54,52,58,54,58,54,52,54
68,59,56,62,68,93,99,97,95,101,52,53,54,52,58,54,58,54,52,54
68,59,56,62,68,93,104,97,96,101,64,58,54,58,58,54,58,54,61,54
68,59,56,76,68,93,104,97,96,101,64,58,54,58,58,54,58,54,61,54
68,59,56,76,68,96,104,97,98,101,64,58,54,58,58,54,58,54,63,54
68,59,56,76,68,96,104,97,98,101,64,58,54,58,58,54,58,54,63,54
68,59,56,76,68,98,104,98,100,101,64,58,61,58,58,64,58,54,64,61
68,59,56,76,68,98,104,98,100,101,64,58,61,58,58,64,58,54,64,61
68,59,56,76,68,100,104,100,102,102,64,58,63,58,58,64,58,54,64,63
68,59,56,76,68,100,104,100,102,102,64,58,63,58,58,64,58,54,64,63
68,59,56,76,68,102,104,102,105,105,64,58,64,58,58,64,58,54,64,65
68,59,56,76,68,102,104,102,105,105,64,58,64,58,58,64,58,54,64,65
68,59,56,76,68,105,104,105,106,106,64,58,64,58,58,64,58,65,64,65
68,59,56,76,68,105,104,105,106,106,64,58,64,58,58,64,58,65,64,65
68,59,56,76,68,106,104,106,107,107,64,58,64,58,58,64,58,65,64,65
68,59,56,76,68,106,104,106,107,107,64,58,64,58,58,64,58,65,64,65
68,59,56,76,68,107,104,107,109,109,64,58,64,58,65,64,65,65,64,65
68,75,56,76,75,107,104,107,109,109,64,58,64,58,65,64,65,65,64,65
76,75,56,76,75,109,118,109,110,111,66,66,64,66,65,64,65,65,64,65
76,75,56,76,75,109,118,109,110,111,66,66,64,66,65,64,65,65,64,65
76,75,56,76,75,111,118,111,110,113,69,67,64,67,65,64,65,65,64,65
76,75,56,76,75,111,118,111,110,113,69,67,64,67,65,64,65,65,64,65
76,75,56,76,75,113,118,113,110,115,70,67,64,67,65,67,65,65,67,65
76,75,56,76,75,113,118,113,110,115,70,67,64,67,65,67,65,65,67,65
76,75,56,76,75,115,118,115,110,116,71,67,64,67,65,67,65,65,67,65
76,75,56,76,75,115,118,115,110,116,71,67,64,67,65,67,65,65,67,65
76,75,56,82,75,116,118,116,110,117,71,67,69,67,65,67,65,65,67,70
76,75,56,82,75,116,118,116,110,117,71,67,69,67,65,67,65,65,67,70
76,75,60,82,75,117,118,117,110,119,71,67,71,67,65,67,65,71,67,71
76,75,60,82,75,117,118,117,110,119,71,67,71,67,65,67,65,71,67,71
76,75,60,82,75,119,118,119,110,120,71,67,71,67,65,67,65,71,67,71
76,75,60,82,75,119,118,119,110,120,71,67,71,67,65,67,65,71,67,71
76,75,60,82,75,120,118,120,110,121,71,67,71,67,69,67,72,71,67,71
76,75,60,82,75,120,118,120,110,121,71,67,71,67,69,67,72,71,67,71
76,75,60,82,75,125,133,123,111,121,71,67,71,67,70,67,74,71,67,71
76,75,60,82,75,125,133,123,111,121,71,67,71,67,70,67,74,71,67,71
76,75,60,82,75,126,133,123,113,121,71,72,71,73,73,67,78,71,67,71
76,75,60,82,75,126,133,123,113,121,71,72,71,73,73,67,78,71,67,71
76,75,60,82,75,129,133,123,115,121,71,73,71,74,78,72,78,71,78,71
76,75,60,82,75,129,133,123,115,121,71,73,71,74,78,72,78,71,78,71
82,75,60,82,75,130,133,123,116,121,79,78,71,79,78,74,78,71,78,71
82,75,60,82,75,130,133,123,116,121,79,78,71,79,78,74,78,71,78,71
82,77,60,82,77,131,133,123,117,121,80,78,71,80,78,81,78,71,78,71
82,77,60,82,77,131,133,123,117,121,80,78,71,80,78,81,78,71,78,71
82,77,60,82,77,132,133,123,119,121,81,78,79,81,78,81,78,81,78,80
82,77,60,82,77,132,133,123,119,121,81,78,79,81,78,81,78,81,78,80
82,77,60,82,77,134,133,123,120,121,81,78,83,81,78,81,78,81,78,83
82,77,60,82,77,134,133,123,120,121,81,78,83,81,78,81,78,81,78,83
82,77,60,82,77,134,133,123,125,125,81,78,84,81,78,81,78,81,78,84
82,77,60,88,77,134,133,123,125,125,81,78,84,81,78,81,78,81,78,84
82,77,60,88,77,134,135,125,126,126,81,78,84,81,78,81,78,81,78,84
82,77,60,88,77,134,135,125,126,126,81,78,84,81,78,81,78,81,78,84
82,77,60,88,77,134,135,126,129,129,81,78,84,81,78,81,84,81,78,84
82,77,60,88,77,134,135,126,129,129,81,78,84,81,78,81,84,81,78,84
82,77,60,88,77,134,135,129,130,130,81,78,84,81,84,81,84,81,83,84
82,77,60,88,77,134,135,129,130,130,81,78,84,81,84,81,84,81,83,84
82,77,60,88,77,134,135,130,131,131,81,91,84,81,84,81,84,81,91,84
82,77,60,88,77,134,135,130,131,131,81,91,84,81,84,81,84,81,91,84
82,77,60,88,77,134,135,131,132,132,81,92,84,81,84,92,84,81,92,84
82,77,85,88,77,134,135,131,132,132,81,92,84,81,84,92,84,81,92,84
82,77,85,88,77,134,135,132,136,136,93,92,84,92,84,92,84,91,92,84
82,77,85,88,77,134,135,132,136,136,93,92,84,92,84,92,84,91,92,84
88,77,85,88,77,136,135,136,139,138,93,92,84,92,84,92,84,93,92,84
88,77,85,88,77,136,135,136,139,138,93,92,84,92,84,92,84,93,92,84
88,77,85,88,77,139,135,139,141,138,93,92,93,92,84,92,84,93,92,93
88,77,85,88,77,139,135,139,141,138,93,92,93,92,84,92,84,93,92,93
88,86,85,88,86,141,145,140,142,138,93,92,93,92,84,92,84,93,92,93
88,86,85,88,86,141,145,140,142,138,93,92,93,92,84,92,84,93,92,93
88,86,85,88,86,142,145,140,143,138,93,92,93,92,84,92,95,93,92,93
88,86,85,88,86,142,145,140,143,138,93,92,93,92,84,92,95,93,92,93
88,86,85,88,86,144,145,140,143,138,93,92,93,92,95,92,95,93,92,93
88,86,85,88,86,144,145,140,143,138,93,92,93,92,95,92,95,93,92,93
88,86,85,94,86,147,145,140,143,138,93,92,93,92,95,92,95,93,92,93
88,86,85,94,86,147,145,140,143,138,93,92,93,92,95,92,95,93,92,93
88,86,85,94,86,147,145,140,143,138,93,95,93,92,95,95,95,93,96,93
88,86,85,94,86,147,145,140,143,138,93,95,93,92,95,95,95,93,96,93
88,86,85,94,86,147,145,140,143,138,97,95,93,96,95,95,95,93,97,93
88,86,85,94,86,147,145,140,143,138,97,95,93,96,95,95,95,93,97,93
88,86,85,94,86,147,145,140,143,139,97,95,93,97,95,95,95,96,97,93
88,86,85,94,86,147,145,140,143,139,97,95,93,97,95,95,95,96,97,93
88,86,85,94,86,147,145,140,143,141,97,95,97,97,95,95,95,98,97,99
88,86,85,94,86,147,145,140,143,141,97,95,97,97,95,95,95,98,97,99
88,86,85,94,86,147,13,141,143,142,97,95,97,97,95,95,95,99,97,99
88,86,85,94,86,147,13,141,143,142,97,95,97,97,95,95,95,99,97,99
94,86,85,94,86,147,13,142,144,144,97,95,97,97,95,95,98,99,97,99
94,86,85,94,86,147,13,142,144,144,97,95,97,97,95,95,98,99,97,99
94,86,85,94,86,147,13,144,9,12,97,95,97,97,98,95,99,99,97,99
94,86,85,94,86,147,13,144,9,12,97,95,97,97,98,95,99,99,97,99
94,86,85,94,86,12,13,5,9,12,97,95,97,97,99,95,99,99,97,99
94,86,85,94,86,12,13,5,9,12,97,95,97,97,99,95,99,99,97,99
94,90,87,94,90,12,13,5,9,12,97,100,97,97,99,100,99,99,97,99
94,90,87,94,90,12,13,5,9,12,97,100,97,97,99,100,99,99,97,99
94,90,87,94,90,12,13,5,9,12,100,101,97,97,99,101,99,99,101,99
94,90,87,94,90,12,13,5,9,12,100,101,97,97,99,101,99,99,101,99
94,90,87,94,90,12,13,5,9,12,102,101,97,101,99,101,99,99,101,99
94,90,87,108,90,12,13,5,9,12,102,101,97,101,99,101,99,99,101,99
94,90,87,108,90,12,13,5,9,12,105,101,102,101,99,101,99,99,101,104
94,90,87,108,90,12,19,5,9,12,105,101,102,101,99,101,99,99,101,104
94,90,87,108,90,12,19,5,9,12,106,101,104,101,99,101,99,104,101,104
94,90,87,108,90,12,19,5,9,12,106,101,104,101,99,101,99,104,101,104
94,90,87,108,90,12,19,5,9,12,107,101,104,101,99,101,99,104,101,104
94,90,87,108,90,12,19,5,9,12,107,101,104,101,99,101,99,104,101,104
94,90,87,108,90,12,19,5,9,12,109,101,104,101,99,101,104,104,101,104
94,90,87,108,90,12,19,5,9,12,109,101,104,101,99,101,104,104,101,104
94,90,87,108,90,23,19,5,9,12,110,101,104,101,102,101,104,104,101,104
108,90,87,108,90,23,19,5,9,12,110,101,104,101,102,101,104,104,101,104
108,90,87,108,90,23,19,5,9,12,110,101,104,101,105,101,104,104,101,104
108,90,87,108,90,23,19,5,43,46,110,101,104,101,105,101,104,104,101,104
108,90,87,108,90,23,19,5,43,46,110,105,104,101,106,106,104,104,107,104
108,90,87,108,90,23,19,47,43,46,110,105,104,101,106,106,104,104,107,104
108,90,87,108,90,23,19,47,43,46,110,109,104,109,107,110,104,104,110,104
108,90,87,108,90,23,19,47,43,46,110,109,104,109,107,110,104,104,110,104
108,90,87,108,90,23,25,47,43,46,110,111,104,110,111,110,104,104,110,113
108,90,87,108,90,23,25,47,43,46,110,111,104,110,111,110,104,104,110,113
108,103,87,108,103,23,25,47,43,46,110,113,111,110,115,110,104,115,110,116
108,103,87,108,103,23,25,47,43,46,110,113,111,110,115,110,104,115,110,116
108,103,87,108,103,23,25,47,43,46,110,116,113,110,117,110,104,117,110,118
108,103,87,108,103,23,25,47,43,46,110,116,113,110,117,110,104,117,110,118
108,103,87,122,103,23,25,47,43,46,110,118,116,110,118,110,115,118,110,118
108,103,87,122,103,23,25,47,43,46,110,118,116,110,118,110,115,118,110,118
108,103,89,122,103,38,25,47,43,46,119,118,119,110,118,110,117,118,110,118
108,103,89,122,103,38,25,47,43,46,119,118,119,110,118,110,117,118,110,118
108,103,89,122,103,38,25,47,43,46,121,118,120,110,118,110,120,118,110,118
108,103,89,122,103,38,25,47,43,46,121,118,120,110,118,110,120,118,110,118
108,103,89,122,103,38,25,47,43,46,121,118,121,110,118,110,121,118,110,118
108,103,89,122,103,38,25,47,43,46,121,118,121,110,118,110,121,118,110,118
122,103,89,122,103,38,39,47,43,46,121,118,121,110,118,120,121,118,123,118
122,103,89,122,103,38,39,47,43,46,121,118,121,110,118,120,121,118,123,118
122,103,89,122,103,38,39,47,86,77,121,118,121,119,118,121,121,118,123,118
122,103,89,122,103,38,39,47,86,77,121,118,121,119,118,121,121,118,123,118
122,103,89,122,103,38,39,82,86,77,121,118,121,123,118,121,121,118,123,118
122,103,89,122,103,38,39,82,86,77,121,118,121,123,118,121,121,118,123,118
122,103,89,122,103,38,39,82,86,77,121,118,121,123,118,121,121,118,123,126
122,103,89,122,103,38,39,82,86,77,121,118,121,123,118,121,121,118,123,126
122,103,89,122,103,38,39,82,86,77,121,123,121,123,123,121,121,125,123,130
122,103,89,122,103,46,39,82,86,77,121,123,121,123,123,121,121,125,123,130
122,103,89,122,103,46,39,82,86,77,121,123,121,123,123,121,121,129,123,131
122,103,89,122,103,46,39,82,86,77,121,123,121,123,123,121,121,129,123,131
122,114,89,122,114,46,39,82,86,77,125,123,121,123,123,121,121,132,123,133
122,114,89,122,114,46,39,82,86,77,125,123,121,123,123,121,121,132,123,133
122,114,89,122,114,46,56,82,86,77,129,123,126,123,123,121,125,133,123,133
122,114,89,127,114,46,56,82,86,77,129,123,126,123,123,121,125,133,123,133
122,114,89,127,114,46,56,82,86,77,132,123,130,123,123,121,129,133,126,133
122,114,89,127,114,46,56,82,86,77,132,123,130,123,123,121,129,133,126,133
122,114,89,127,114,46,56,82,86,77,134,123,133,123,123,131,131,133,130,133
122,114,89,127,114,46,56,82,86,77,134,123,133,123,123,131,131,133,130,133
122,114,89,127,114,46,56,82,86,77,134,123,133,133,123,134,132,133,134,133
127,114,89,127,114,46,56,82,86,77,134,123,133,133,123,134,132,133,134,133
127,114,89,127,114,46,56,82,86,77,134,123,133,133,123,134,135,133,134,133
127,114,89,127,114,46,56,82,90,94,134,123,133,133,123,134,135,133,134,133
127,114,112,127,114,55,56,108,90,94,134,134,133,133,135,134,135,133,134,133
127,114,112,127,114,55,56,108,90,94,134,134,133,133,135,134,135,133,134,133
127,114,112,127,114,55,56,108,90,94,134,134,133,133,135,134,135,133,134,133
127,114,112,127,114,55,56,108,90,94,134,134,133,133,135,134,135,133,134,133
127,114,112,127,114,55,62,108,90,94,134,134,133,133,135,134,135,133,134,135
127,114,112,127,114,55,62,108,90,94,134,134,133,133,135,134,135,133,134,135
127,114,112,127,114,55,62,108,90,94,134,134,133,133,135,134,135,135,134,135
127,114,112,127,114,55,62,108,90,94,134,134,133,133,135,134,135,135,134,135
127,114,112,127,114,55,62,108,90,94,134,134,133,133,135,134,135,135,134,135
127,114,112,127,114,55,62,108,90,94,134,134,133,133,135,134,135,135,134,135
127,114,112,127,114,55,62,108,90,94,136,134,136,133,135,134,135,135,134,135
127,114,112,127,114,55,62,108,90,94,136,134,136,133,135,134,135,135,134,135
127,124,112,127,124,55,62,108,90,94,138,134,139,136,135,138,135,135,138,135
127,124,112,127,124,55,62,108,90,94,138,134,139,136,135,138,135,135,138,135
127,124,112,146,124,55,62,108,90,94,138,134,140,138,135,138,139,135,138,135
127,124,112,146,124,60,62,108,90,94,138,134,140,138,135,138,139,135,138,135
127,124,112,146,124,60,62,108,90,94,138,139,140,138,140,138,140,135,138,135
127,124,112,146,124,60,62,108,90,94,138,139,140,138,140,138,140,135,138,135
146,124,112,146,124,60,85,108,90,94,138,140,140,138,140,138,140,135,138,135
146,124,112,146,124,60,85,108,90,94,138,140,140,138,140,138,140,135,138,135
146,124,112,146,124,60,85,122,124,127,138,140,140,138,140,138,140,135,138,141
146,124,112,146,124,60,85,122,124,127,138,140,140,138,140,138,140,135,138,141
146,124,112,146,124,60,85,122,124,127,138,140,140,138,140,138,140,143,138,142
146,124,112,146,124,60,85,122,124,127,138,140,140,138,140,138,140,143,138,142
146,124,112,146,124,60,85,122,124,127,138,140,140,138,140,138,140,143,138,143
146,124,112,146,124,60,85,122,124,127,138,140,140,138,140,138,140,143,138,143
146,124,112,146,124,60,85,122,124,127,138,140,140,138,140,138,140,143,138,143
146,124,112,146,124,60,85,122,124,127,138,140,140,138,140,138,140,143,138,143
146,124,112,146,124,60,85,122,124,127,144,140,140,138,140,142,140,143,141,143
146,124,112,146,124,60,85,122,124,127,144,140,140,138,140,142,140,143,141,143
146,124,128,146,124,87,85,122,124,127,145,140,143,141,140,143,140,143,144,143
146,124,128,146,124,87,85,122,124,127,145,140,143,141,140,143,140,143,144,143
146,124,128,146,124,87,89,122,124,127,145,140,143,145,144,143,142,143,145,143
146,124,128,146,124,87,89,122,124,127,145,140,143,145,144,143,142,143,145,143
146,124,128,146,124,87,89,122,124,127,145,147,143,145,147,143,145,143,145,143
146,124,128,146,124,87,89,122,124,127,145,147,143,145,147,143,145,143,145,143
146,137,128,146,137,87,89,122,124,127,145,147,143,145,147,143,145,143,145,143
146,137,128,148,137,87,89,122,124,127,145,147,143,145,147,143,145,143,145,143
146,137,128,148,137,87,89,122,124,127,145,147,143,145,147,143,145,147,145,143
148,137,128,148,137,87,89,122,124,127,145,147,143,145,147,143,145,147,145,143
148,137,128,148,137,87,89,148,137,146,145,147,143,145,147,143,145,147,145,147
148,137,128,148,137,87,89,148,137,146,145,147,143,145,147,143,145,147,145,147
148,137,128,148,137,87,89,148,137,146,145,147,143,145,147,143,145,147,145,147
148,137,128,148,137,87,89,148,137,146,145,147,143,145,147,143,145,147,145,147
148,137,128,148,137,87,89,148,137,146,145,147,143,145,147,143,145,147,145,147
148,137,128,148,137,112,89,148,137,146,145,147,143,145,147,143,145,147,145,147
148,137,128,148,137,112,128,148,137,146,13,147,19,145,147,25,145,147,145,147
148,137,128,148,137,112,128,148,137,146,13,147,19,145,147,25,145,147,145,147
148,137,128,148,137,112,128,148,137,146,13,147,19,22,147,25,145,147,38,147
148,137,128,148,137,112,128,148,137,146,13,147,19,22,147,25,145,147,38,147
148,137,128,148,137,112,128,148,137,146,13,14,19,22,23,25,26,147,38,147
148,137,128,148,137,112,128,148,137,146,57,14,60,22,23,62,26,147,38,147
148,137,128,148,137,112,128,148,137,146,57,14,60,22,23,62,26,147,59,147
148,137,128,148,137,112,128,148,137,146,57,14,60,22,23,62,26,147,59,147
148,137,128,148,137,112,128,148,137,146,57,75,60,76,55,62,26,34,59,147
148,137,128,148,137,112,128,148,137,146,57,75,60,76,55,62,56,34,59,147
148,137,128,148,137,112,128,148,137,146,89,75,128,76,55,88,56,68,87,39
148,137,128,148,137,112,128,148,137,146,89,85,128,76,112,88,56,68,87,39
148,137,128,148,137,112,128,148,137,146,89,85,128,76,112,88,56,114,87,48
148,137,128,148,137,112,128,148,137,146,89,85,128,76,112,88,56,114,87,103