2,0,0,2,0,1,0,1,1,1,1,1,0,9,1,9,0,0,9,0
2,0,0,2,0,1,0,1,1,1,1,1,0,9,1,9,0,0,9,0
2,0,0,2,0,3,0,3,3,3,3,3,0,9,3,9,0,0,9,0
2,0,0,2,0,3,0,3,3,3,3,3,0,9,3,9,0,0,9,0
2,0,0,2,0,6,0,6,6,6,6,6,0,9,6,9,0,0,9,0
2,0,0,2,0,6,0,6,6,6,6,6,0,9,6,9,0,0,9,0
2,0,0,2,0,9,0,10,10,10,9,10,0,9,10,9,0,0,9,0
2,0,0,2,0,9,0,10,10,10,9,10,0,9,10,9,0,0,9,0
2,0,0,2,0,9,0,13,13,13,9,13,0,9,13,9,0,0,9,0
2,0,0,2,0,9,0,13,13,13,9,13,0,9,13,9,0,0,9,0
2,0,0,2,0,9,0,16,16,16,9,16,0,9,16,9,0,0,9,0
2,0,0,2,0,9,0,16,16,16,9,16,0,9,16,9,0,0,9,0
2,0,0,2,0,9,0,17,17,17,9,17,0,9,17,9,0,0,9,0
2,0,0,2,0,9,0,17,17,17,9,17,0,9,17,9,0,0,9,0
2,0,0,2,0,9,0,2,0,0,9,0,0,9,0,9,0,0,9,0
2,0,0,2,0,9,0,2,0,0,9,0,0,9,0,9,0,0,9,0
2,0,0,2,0,9,0,2,0,0,9,0,0,14,0,14,0,0,14,0
2,0,0,2,0,9,0,2,0,0,9,0,0,14,0,14,0,0,14,0
2,0,0,2,0,9,0,2,0,0,9,0,0,14,0,14,0,0,14,0
2,0,0,2,0,9,0,2,0,0,9,0,0,14,0,14,0,0,14,0
2,0,0,2,0,9,0,2,0,0,9,0,0,14,0,14,0,0,14,0
2,0,0,2,0,9,0,2,0,0,9,0,0,14,0,14,0,0,14,0
2,0,0,2,0,10,0,2,0,0,10,0,0,14,0,14,0,0,14,0
2,0,0,2,0,10,0,2,0,0,10,0,0,14,0,14,0,0,14,0
2,0,0,2,0,13,0,2,0,0,13,0,0,14,0,14,0,0,14,0
2,0,0,2,0,13,0,2,0,0,13,0,0,14,0,14,0,0,14,0
2,0,0,2,0,14,0,2,0,0,14,0,0,14,0,14,0,0,14,0
2,0,0,2,0,14,0,2,0,0,14,0,0,14,0,14,0,0,14,0
2,0,0,2,0,14,0,2,0,0,14,0,0,14,0,14,0,0,14,0
2,0,0,2,0,14,0,2,0,0,14,0,0,14,0,14,0,0,14,0
2,0,0,2,0,14,0,2,0,0,14,0,0,14,0,14,0,0,14,0
2,0,0,2,0,14,0,2,0,0,14,0,0,14,0,14,0,0,14,0
2,0,0,2,0,14,0,2,0,0,14,0,0,15,0,15,0,0,15,0
2,0,0,2,0,14,0,2,0,0,14,0,0,15,0,15,0,0,15,0
2,0,0,2,0,14,0,2,0,0,14,0,0,15,0,15,0,0,15,0
2,0,0,2,0,14,0,2,0,0,14,0,0,15,0,15,0,0,15,0
2,0,0,2,0,14,0,2,0,0,14,0,0,15,0,15,0,0,15,0
2,0,0,2,0,14,0,2,0,0,14,0,0,15,0,15,0,0,15,0
2,0,0,2,0,14,0,2,0,0,14,0,0,15,0,15,0,0,15,0
2,0,0,2,0,14,0,2,0,0,14,0,0,15,0,15,0,0,15,0
2,0,0,2,0,14,0,2,0,0,14,0,0,15,0,15,0,0,15,0
2,0,0,2,0,14,0,2,0,0,14,0,0,15,0,15,0,0,15,0
2,0,0,2,0,15,0,2,0,0,15,0,0,15,0,15,0,0,15,0
2,0,0,2,0,15,0,2,0,0,15,0,0,15,0,15,0,0,15,0
2,0,0,2,0,15,0,2,0,0,15,0,0,15,0,15,0,0,15,0
2,0,0,2,0,15,0,2,0,0,15,0,0,15,0,15,0,0,15,0
4,0,0,4,0,15,0,2,0,0,15,0,0,15,0,15,0,0,15,0
4,0,0,4,0,15,0,2,0,0,15,0,0,15,0,15,0,0,15,0
4,0,0,4,0,15,0,2,0,0,15,0,0,18,0,18,0,0,18,0
4,0,0,4,0,15,0,2,0,0,15,0,0,18,0,18,0,0,18,0
4,0,0,4,0,15,0,2,0,0,15,0,0,18,0,18,0,0,18,0
4,0,0,4,0,15,0,2,0,0,15,0,0,18,0,18,0,0,18,0
4,0,0,4,0,15,0,2,0,0,15,0,0,18,0,18,0,0,18,0
4,0,0,4,0,15,0,2,0,0,15,0,0,18,0,18,0,0,18,0
4,0,0,4,0,15,0,2,0,0,15,0,0,18,0,18,0,0,18,0
4,0,0,4,0,15,0,2,0,0,15,0,0,18,0,18,0,0,18,0
4,0,0,4,0,15,0,2,0,0,15,0,0,18,0,18,0,0,18,0
4,0,0,4,0,15,0,2,0,0,15,0,0,18,0,18,0,0,18,0
4,0,0,4,0,16,0,2,0,0,16,0,0,18,0,18,0,0,18,0
4,0,0,4,0,16,0,4,0,0,16,0,0,18,0,18,0,0,18,0
4,0,0,4,0,17,0,4,0,0,17,0,0,18,0,18,0,0,18,0
4,0,0,4,0,17,0,4,0,0,17,0,0,18,0,18,0,0,18,0
4,0,0,4,0,18,0,4,0,0,18,0,0,18,0,18,0,0,18,0
4,0,0,4,0,18,0,4,0,0,18,0,0,18,0,18,0,0,18,0
4,0,0,4,0,18,0,4,0,0,18,0,0,0,0,0,0,0,0,0
4,0,0,4,0,18,0,4,0,0,18,0,0,0,0,0,0,0,0,0
4,0,0,4,0,18,0,4,0,0,18,0,0,0,0,0,0,0,0,0
4,0,0,4,0,18,0,4,0,0,18,0,0,0,0,0,0,0,0,0
4,0,0,4,0,18,0,4,0,0,18,0,0,0,0,0,0,0,0,0
4,0,0,4,0,18,0,4,0,0,18,0,0,0,0,0,0,0,0,0
4,0,0,4,0,18,0,4,0,0,18,0,0,0,0,0,0,0,0,0
4,0,0,4,0,18,0,4,0,0,18,0,0,0,0,0,0,0,0,0
4,0,0,4,0,18,0,4,0,0,18,0,0,0,0,0,0,0,0,0
4,0,0,4,0,18,0,4,0,0,18,0,0,0,0,0,0,0,0,0
4,0,0,4,0,18,0,4,0,0,18,0,0,0,0,0,0,0,0,0
4,0,0,4,0,18,0,4,0,0,18,0,0,0,0,0,0,0,0,0
4,0,0,4,0,18,0,4,0,0,18,0,0,0,0,0,0,0,0,0
4,0,0,4,0,18,0,4,0,0,18,0,0,0,0,0,0,0,0,0
4,0,0,4,0,0,0,4,0,0,0,0,0,0,0,0,0,0,0,0
4,0,0,4,0,0,0,4,0,0,0,0,0,0,0,0,0,0,0,0
4,0,0,4,0,0,0,4,0,0,0,0,0,0,0,0,0,0,0,0
4,0,0,4,0,0,0,4,0,0,0,0,0,0,0,0,0,0,0,0
4,0,0,4,0,0,0,4,0,0,0,0,0,0,0,0,0,0,0,0
4,0,0,4,0,0,0,4,0,0,0,0,0,0,0,0,0,0,0,0
4,0,0,4,0,0,0,4,0,0,0,0,0,0,0,0,0,0,0,0
4,0,0,4,0,0,0,4,0,0,0,0,0,0,0,0,0,0,0,0
4,0,0,4,0,0,0,4,0,0,0,0,0,0,0,0,0,0,0,0
4,0,0,4,0,0,0,4,0,0,0,0,0,0,0,0,0,0,0,0
4,0,0,4,0,0,0,4,0,0,0,0,0,0,0,0,0,0,0,0
4,0,0,4,0,0,0,4,0,0,0,0,0,0,0,0,0,0,0,0
4,0,0,4,0,0,0,4,0,0,0,0,0,0,0,0,0,0,0,0
4,0,0,4,0,0,0,4,0,0,0,0,0,0,0,0,0,0,0,0
5,0,0,5,0,0,0,4,0,0,0,0,0,0,0,0,0,0,0,0
5,0,0,5,0,0,0,4,0,0,0,0,0,0,0,0,0,0,0,0
5,0,0,5,0,0,0,4,0,0,0,0,0,0,0,0,0,0,0,0
5,0,0,5,0,0,0,4,0,0,0,0,0,0,0,0,0,0,0,0
5,0,0,5,0,0,0,4,0,0,0,0,0,0,0,0,0,0,0,0
5,0,0,5,0,0,0,4,0,0,0,0,0,0,0,0,0,0,0,0
5,0,0,5,0,0,0,4,0,0,0,0,0,0,0,0,0,0,0,0
5,0,0,5,0,0,0,4,0,0,0,0,0,0,0,0,0,0,0,0
5,0,0,5,0,0,0,4,0,0,0,0,0,0,0,0,0,0,0,0
5,0,0,5,0,0,0,4,0,0,0,0,0,0,0,0,0,0,0,0
5,0,0,5,0,0,0,4,0,0,0,0,0,0,0,0,0,0,0,0
5,0,0,5,0,0,0,4,0,0,0,0,0,0,0,0,0,0,0,0
5,0,0,5,0,0,0,5,0,0,0,0,0,0,0,0,0,0,0,0
5,0,0,5,0,0,0,5,0,0,0,0,0,0,0,0,0,0,0,0
5,0,0,5,0,0,0,5,0,0,0,0,0,0,0,0,0,0,0,0
5,0,0,5,0,0,0,5,0,0,0,0,0,0,0,0,0,0,0,0
5,0,0,5,0,0,0,5,0,0,0,0,0,0,0,0,0,0,0,0
5,0,0,5,0,0,0,5,0,0,0,0,0,0,0,0,0,0,0,0
5,0,0,5,0,0,0,5,0,0,0,0,0,0,0,0,0,0,0,0
5,0,0,5,0,0,0,5,0,0,0,0,0,0,0,0,0,0,0,0
5,0,0,5,0,0,0,5,0,0,0,0,0,0,0,0,0,0,0,0
5,0,0,5,0,0,0,5,0,0,0,0,0,0,0,0,0,0,0,0
5,0,0,5,0,0,0,5,0,0,0,0,0,0,0,0,0,0,0,0
5,0,0,5,0,0,0,5,0,0,0,0,0,0,0,0,0,0,0,0
5,0,0,5,0,0,0,5,0,0,0,0,0,0,0,0,0,0,0,0
5,0,0,5,0,0,0,5,0,0,0,0,0,0,0,0,0,0,0,0
5,0,0,5,0,0,0,5,0,0,0,0,0,0,0,0,0,0,0,0
5,0,0,5,0,0,0,5,0,0,0,0,0,0,0,0,0,0,0,0
5,0,0,5,0,0,0,5,0,0,0,0,0,0,0,0,0,0,0,0
5,0,0,5,0,0,0,5,0,0,0,0,0,0,0,0,0,0,0,0
5,0,0,5,0,0,0,5,0,0,0,0,0,0,0,0,0,0,0,0
5,0,0,5,0,0,0,5,0,0,0,0,0,0,0,0,0,0,0,0
5,0,0,5,0,0,0,5,0,0,0,0,0,0,0,0,0,0,0,0
5,0,0,5,0,0,0,5,0,0,0,0,0,0,0,0,0,0,0,0
5,0,0,5,0,0,0,5,0,0,0,0,0,0,0,0,0,0,0,0
5,0,0,5,0,0,0,5,0,0,0,0,0,0,0,0,0,0,0,0
5,0,0,5,0,0,0,5,0,0,0,0,0,0,0,0,0,0,0,0
5,0,0,5,0,0,0,5,0,0,0,0,0,0,0,0,0,0,0,0
5,0,0,5,0,0,0,5,0,0,0,0,0,0,0,0,0,0,0,0
5,0,0,5,0,0,0,5,0,0,0,0,0,0,0,0,0,0,0,0
5,0,0,5,0,0,0,5,0,0,0,0,0,0,0,0,0,0,0,0
5,0,0,5,0,0,0,5,0,0,0,0,0,0,0,0,0,0,0,0
5,0,0,5,0,0,0,5,0,0,0,0,0,0,0,0,0,0,0,0
5,0,0,5,0,0,0,5,0,0,0,0,0,0,0,0,0,0,0,0
5,0,0,5,0,0,0,5,0,0,0,0,0,0,0,0,0,0,0,0
5,0,0,5,0,0,0,5,0,0,0,0,0,0,0,0,0,0,0,0
7,0,0,7,0,0,0,5,0,0,0,0,0,0,0,0,0,0,0,0
7,0,0,7,0,0,0,5,0,0,0,0,0,0,0,0,0,0,0,0
7,0,0,7,0,0,0,5,0,0,0,0,0,0,0,0,0,0,0,0
7,0,0,7,0,0,0,5,0,0,0,0,0,0,0,0,0,0,0,0
7,0,0,7,0,0,0,5,0,0,0,0,0,0,0,0,0,0,0,0
7,0,0,7,0,0,0,5,0,0,0,0,0,0,0,0,0,0,0,0
7,0,0,7,0,0,0,5,0,0,0,0,0,0,0,0,0,0,0,0
7,0,0,7,0,0,0,5,0,0,0,0,0,0,0,0,0,0,0,0
7,0,0,7,0,0,0,5,0,0,0,0,0,0,0,0,0,0,0,0
7,0,0,7,0,0,0,5,0,0,0,0,0,0,0,0,0,0,0,0
7,0,0,7,0,0,0,7,0,0,0,0,0,0,0,0,0,0,0,0
7,0,0,7,0,0,0,7,0,0,0,0,0,0,0,0,0,0,0,0
7,0,0,7,0,0,0,7,0,0,0,0,0,0,0,0,0,0,0,0
7,0,0,7,0,0,0,7,0,0,0,0,0,0,0,0,0,0,0,0
7,0,0,7,0,0,0,7,0,0,0,0,0,0,0,0,0,0,0,0
7,0,0,7,0,0,0,7,0,0,0,0,0,0,0,0,0,0,0,0
7,0,0,7,0,0,0,7,0,0,0,0,0,0,0,0,0,0,0,0
7,0,0,7,0,0,0,7,0,0,0,0,0,0,0,0,0,0,0,0
7,0,0,7,0,0,0,7,0,0,0,0,0,0,0,0,0,0,0,0
7,0,0,7,0,0,0,7,0,0,0,0,0,0,0,0,0,0,0,0
7,0,0,7,0,0,0,7,0,0,0,0,0,0,0,0,0,0,0,0
7,0,0,7,0,0,0,7,0,0,0,0,0,0,0,0,0,0,0,0
7,0,0,7,0,0,0,7,0,0,0,0,0,0,0,0,0,0,0,0
7,0,0,7,0,0,0,7,0,0,0,0,0,0,0,0,0,0,0,0
7,0,0,7,0,0,0,7,0,0,0,0,0,0,0,0,0,0,0,0
7,0,0,7,0,0,0,7,0,0,0,0,0,0,0,0,0,0,0,0
7,0,0,7,0,0,0,7,0,0,0,0,0,0,0,0,0,0,0,0
7,0,0,7,0,0,0,7,0,0,0,0,0,0,0,0,0,0,0,0
7,0,0,7,0,0,0,7,0,0,0,0,0,0,0,0,0,0,0,0
7,0,0,7,0,0,0,7,0,0,0,0,0,0,0,0,0,0,0,0
7,0,0,7,0,0,0,7,0,0,0,0,0,0,0,0,0,0,0,0
7,0,0,7,0,0,0,7,0,0,0,0,0,0,0,0,0,0,0,0
7,0,0,7,0,0,0,7,0,0,0,0,0,0,0,0,0,0,0,0
7,0,0,7,0,0,0,7,0,0,0,0,0,0,0,0,0,0,0,0
7,0,0,7,0,0,0,7,0,0,0,0,0,0,0,0,0,0,0,0
7,0,0,7,0,0,0,7,0,0,0,0,0,0,0,0,0,0,0,0
7,0,0,7,0,0,0,7,0,0,0,0,0,0,0,0,0,0,0,0
7,0,0,7,0,0,0,7,0,0,0,0,0,0,0,0,0,0,0,0
7,0,0,7,0,0,0,7,0,0,0,0,0,0,0,0,0,0,0,0
7,0,0,7,0,0,0,7,0,0,0,0,0,0,0,0,0,0,0,0
7,0,0,7,0,0,0,7,0,0,0,0,0,0,0,0,0,0,0,0
7,0,0,7,0,0,0,7,0,0,0,0,0,0,0,0,0,0,0,0
7,0,0,7,0,0,0,7,0,0,0,0,0,0,0,0,0,0,0,0
7,0,0,7,0,0,0,7,0,0,0,0,0,0,0,0,0,0,0,0
7,0,0,7,0,0,0,7,0,0,0,0,0,0,0,0,0,0,0,0
7,0,0,7,0,0,0,7,0,0,0,0,0,0,0,0,0,0,0,0
8,0,0,8,0,0,0,7,0,0,0,0,0,0,0,0,0,0,0,0
8,0,0,8,0,0,0,7,0,0,0,0,0,0,0,0,0,0,0,0
8,0,0,8,0,0,0,7,0,0,0,0,0,0,0,0,0,0,0,0
8,0,0,8,0,0,0,7,0,0,0,0,0,0,0,0,0,0,0,0
8,0,0,8,0,0,0,7,0,0,0,0,0,0,0,0,0,0,0,0
8,0,0,8,0,0,0,7,0,0,0,0,0,0,0,0,0,0,0,0
8,0,0,8,0,0,0,7,0,0,0,0,0,0,0,0,0,0,0,0
8,0,0,8,0,0,0,7,0,0,0,0,0,0,0,0,0,0,0,0
8,0,0,8,0,0,0,8,0,0,0,0,0,0,0,0,0,0,0,0
8,0,0,8,0,0,0,8,0,0,0,0,0,0,0,0,0,0,0,0
8,0,0,8,0,0,0,8,0,0,0,0,0,0,0,0,0,0,0,0
8,0,0,8,0,0,0,8,0,0,0,0,0,0,0,0,0,0,0,0
8,0,0,8,0,0,0,8,0,0,0,0,0,0,0,0,0,0,0,0
8,0,0,8,0,0,0,8,0,0,0,0,0,0,0,0,0,0,0,0
8,0,0,8,0,0,0,8,0,0,0,0,0,0,0,0,0,0,0,0
8,0,0,8,0,0,0,8,0,0,0,0,0,0,0,0,0,0,0,0
8,0,0,8,0,0,0,8,0,0,0,0,0,0,0,0,0,0,0,0
8,0,0,8,0,0,0,8,0,0,0,0,0,0,0,0,0,0,0,0
8,0,0,8,0,0,0,8,0,0,0,0,0,0,0,0,0,0,0,0
8,0,0,8,0,0,0,8,0,0,0,0,0,0,0,0,0,0,0,0
8,0,0,8,0,0,0,8,0,0,0,0,0,0,0,0,0,0,0,0
8,0,0,8,0,0,0,8,0,0,0,0,0,0,0,0,0,0,0,0
8,0,0,8,0,0,0,8,0,0,0,0,0,0,0,0,0,0,0,0
8,0,0,8,0,0,0,8,0,0,0,0,0,0,0,0,0,0,0,0
8,0,0,8,0,0,0,8,0,0,0,0,0,0,0,0,0,0,0,0
8,0,0,8,0,0,0,8,0,0,0,0,0,0,0,0,0,0,0,0
8,0,0,8,0,0,0,8,0,0,0,0,0,0,0,0,0,0,0,0
8,0,0,8,0,0,0,8,0,0,0,0,0,0,0,0,0,0,0,0
8,0,0,8,0,0,0,8,0,0,0,0,0,0,0,0,0,0,0,0
8,0,0,8,0,0,0,8,0,0,0,0,0,0,0,0,0,0,0,0
8,0,0,8,0,0,0,8,0,0,0,0,0,0,0,0,0,0,0,0
8,0,0,8,0,0,0,8,0,0,0,0,0,0,0,0,0,0,0,0
8,0,0,8,0,0,0,8,0,0,0,0,0,0,0,0,0,0,0,0
8,0,0,8,0,0,0,8,0,0,0,0,0,0,0,0,0,0,0,0
8,0,0,8,0,0,0,8,0,0,0,0,0,0,0,0,0,0,0,0
8,0,0,8,0,0,0,8,0,0,0,0,0,0,0,0,0,0,0,0
8,0,0,8,0,0,0,8,0,0,0,0,0,0,0,0,0,0,0,0
8,0,0,8,0,0,0,8,0,0,0,0,0,0,0,0,0,0,0,0
8,0,0,8,0,0,0,8,0,0,0,0,0,0,0,0,0,0,0,0
8,0,0,8,0,0,0,8,0,0,0,0,0,0,0,0,0,0,0,0
8,0,0,8,0,0,0,8,0,0,0,0,0,0,0,0,0,0,0,0
8,0,0,8,0,0,0,8,0,0,0,0,0,0,0,0,0,0,0,0
8,0,0,8,0,0,0,8,0,0,0,0,0,0,0,0,0,0,0,0
8,0,0,8,0,0,0,8,0,0,0,0,0,0,0,0,0,0,0,0
8,0,0,8,0,0,0,8,0,0,0,0,0,0,0,0,0,0,0,0
8,0,0,8,0,0,0,8,0,0,0,0,0,0,0,0,0,0,0,0
11,0,0,11,0,0,0,8,0,0,0,0,0,0,0,0,0,0,0,0
11,0,0,11,0,0,0,8,0,0,0,0,0,0,0,0,0,0,0,0
11,0,0,11,0,0,0,8,0,0,0,0,0,0,0,0,0,0,0,0
11,0,0,11,0,0,0,8,0,0,0,0,0,0,0,0,0,0,0,0
11,0,0,11,0,0,0,8,0,0,0,0,0,0,0,0,0,0,0,0
11,0,0,11,0,0,0,8,0,0,0,0,0,0,0,0,0,0,0,0
11,0,0,11,0,0,0,11,0,0,0,0,0,0,0,0,0,0,0,0
11,0,0,11,0,0,0,11,0,0,0,0,0,0,0,0,0,0,0,0
11,0,0,11,0,0,0,11,0,0,0,0,0,0,0,0,0,0,0,0
11,0,0,11,0,0,0,11,0,0,0,0,0,0,0,0,0,0,0,0
11,0,0,11,0,0,0,11,0,0,0,0,0,0,0,0,0,0,0,0
11,0,0,11,0,0,0,11,0,0,0,0,0,0,0,0,0,0,0,0
11,0,0,11,0,0,0,11,0,0,0,0,0,0,0,0,0,0,0,0
11,0,0,11,0,0,0,11,0,0,0,0,0,0,0,0,0,0,0,0
11,0,0,11,0,0,0,11,0,0,0,0,0,0,0,0,0,0,0,0
11,0,0,11,0,0,0,11,0,0,0,0,0,0,0,0,0,0,0,0
11,0,0,11,0,0,0,11,0,0,0,0,0,0,0,0,0,0,0,0
11,0,0,11,0,0,0,11,0,0,0,0,0,0,0,0,0,0,0,0
11,0,0,11,0,0,0,11,0,0,0,0,0,0,0,0,0,0,0,0
11,0,0,11,0,0,0,11,0,0,0,0,0,0,0,0,0,0,0,0
11,0,0,11,0,0,0,11,0,0,0,0,0,0,0,0,0,0,0,0
11,0,0,11,0,0,0,11,0,0,0,0,0,0,0,0,0,0,0,0
11,0,0,11,0,0,0,11,0,0,0,0,0,0,0,0,0,0,0,0
11,0,0,11,0,0,0,11,0,0,0,0,0,0,0,0,0,0,0,0
11,0,0,11,0,0,0,11,0,0,0,0,0,0,0,0,0,0,0,0
11,0,0,11,0,0,0,11,0,0,0,0,0,0,0,0,0,0,0,0
11,0,0,11,0,0,0,11,0,0,0,0,0,0,0,0,0,0,0,0
11,0,0,11,0,0,0,11,0,0,0,0,0,0,0,0,0,0,0,0
11,0,0,11,0,0,0,11,0,0,0,0,0,0,0,0,0,0,0,0
11,0,0,11,0,0,0,11,0,0,0,0,0,0,0,0,0,0,0,0
11,0,0,11,0,0,0,11,0,0,0,0,0,0,0,0,0,0,0,0
11,0,0,11,0,0,0,11,0,0,0,0,0,0,0,0,0,0,0,0
11,0,0,11,0,0,0,11,0,0,0,0,0,0,0,0,0,0,0,0
11,0,0,11,0,0,0,11,0,0,0,0,0,0,0,0,0,0,0,0
11,0,0,11,0,0,0,11,0,0,0,0,0,0,0,0,0,0,0,0
11,0,0,11,0,0,0,11,0,0,0,0,0,0,0,0,0,0,0,0
11,0,0,11,0,0,0,11,0,0,0,0,0,0,0,0,0,0,0,0
11,0,0,11,0,0,0,11,0,0,0,0,0,0,0,0,0,0,0,0
11,0,0,11,0,0,0,11,0,0,0,0,0,0,0,0,0,0,0,0
11,0,0,11,0,0,0,11,0,0,0,0,0,0,0,0,0,0,0,0
11,0,0,11,0,0,0,11,0,0,0,0,0,0,0,0,0,0,0,0
11,0,0,11,0,0,0,11,0,0,0,0,0,0,0,0,0,0,0,0
11,0,0,11,0,0,0,11,0,0,0,0,0,0,0,0,0,0,0,0
11,0,0,11,0,0,0,11,0,0,0,0,0,0,0,0,0,0,0,0
11,0,0,11,0,0,0,11,0,0,0,0,0,0,0,0,0,0,0,0
11,0,0,11,0,0,0,11,0,0,0,0,0,0,0,0,0,0,0,0
12,0,0,12,0,0,0,11,0,0,0,0,0,0,0,0,0,0,0,0
12,0,0,12,0,0,0,11,0,0,0,0,0,0,0,0,0,0,0,0
12,0,0,12,0,0,0,11,0,0,0,0,0,0,0,0,0,0,0,0
12,0,0,12,0,0,0,11,0,0,0,0,0,0,0,0,0,0,0,0
12,0,0,12,0,0,0,12,0,0,0,0,0,0,0,0,0,0,0,0
12,0,0,12,0,0,0,12,0,0,0,0,0,0,0,0,0,0,0,0
12,0,0,12,0,0,0,12,0,0,0,0,0,0,0,0,0,0,0,0
12,0,0,12,0,0,0,12,0,0,0,0,0,0,0,0,0,0,0,0
12,0,0,12,0,0,0,12,0,0,0,0,0,0,0,0,0,0,0,0
12,0,0,12,0,0,0,12,0,0,0,0,0,0,0,0,0,0,0,0
12,0,0,12,0,0,0,12,0,0,0,0,0,0,0,0,0,0,0,0
12,0,0,12,0,0,0,12,0,0,0,0,0,0,0,0,0,0,0,0
12,0,0,12,0,0,0,12,0,0,0,0,0,0,0,0,0,0,0,0
12,0,0,12,0,0,0,12,0,0,0,0,0,0,0,0,0,0,0,0
12,0,0,12,0,0,0,12,0,0,0,0,0,0,0,0,0,0,0,0
12,0,0,12,0,0,0,12,0,0,0,0,0,0,0,0,0,0,0,0
12,0,0,12,0,0,0,12,0,0,0,0,0,0,0,0,0,0,0,0
12,0,0,12,0,0,0,12,0,0,0,0,0,0,0,0,0,0,0,0
12,0,0,12,0,0,0,12,0,0,0,0,0,0,0,0,0,0,0,0
12,0,0,12,0,0,0,12,0,0,0,0,0,0,0,0,0,0,0,0
12,0,0,12,0,0,0,12,0,0,0,0,0,0,0,0,0,0,0,0
12,0,0,12,0,0,0,12,0,0,0,0,0,0,0,0,0,0,0,0
12,0,0,12,0,0,0,12,0,0,0,0,0,0,0,0,0,0,0,0
12,0,0,12,0,0,0,12,0,0,0,0,0,0,0,0,0,0,0,0
12,0,0,12,0,0,0,12,0,0,0,0,0,0,0,0,0,0,0,0
12,0,0,12,0,0,0,12,0,0,0,0,0,0,0,0,0,0,0,0
12,0,0,12,0,0,0,12,0,0,0,0,0,0,0,0,0,0,0,0
12,0,0,12,0,0,0,12,0,0,0,0,0,0,0,0,0,0,0,0
12,0,0,12,0,0,0,12,0,0,0,0,0,0,0,0,0,0,0,0
12,0,0,12,0,0,0,12,0,0,0,0,0,0,0,0,0,0,0,0
12,0,0,12,0,0,0,12,0,0,0,0,0,0,0,0,0,0,0,0
12,0,0,12,0,0,0,12,0,0,0,0,0,0,0,0,0,0,0,0
12,0,0,12,0,0,0,12,0,0,0,0,0,0,0,0,0,0,0,0
12,0,0,12,0,0,0,12,0,0,0,0,0,0,0,0,0,0,0,0
12,0,0,12,0,0,0,12,0,0,0,0,0,0,0,0,0,0,0,0
12,0,0,12,0,0,0,12,0,0,0,0,0,0,0,0,0,0,0,0
12,0,0,12,0,0,0,12,0,0,0,0,0,0,0,0,0,0,0,0
12,0,0,12,0,0,0,12,0,0,0,0,0,0,0,0,0,0,0,0
12,0,0,12,0,0,0,12,0,0,0,0,0,0,0,0,0,0,0,0
12,0,0,12,0,0,0,12,0,0,0,0,0,0,0,0,0,0,0,0
12,0,0,12,0,0,0,12,0,0,0,0,0,0,0,0,0,0,0,0
12,0,0,12,0,0,0,12,0,0,0,0,0,0,0,0,0,0,0,0
12,0,0,12,0,0,0,12,0,0,0,0,0,0,0,0,0,0,0,0
12,0,0,12,0,0,0,12,0,0,0,0,0,0,0,0,0,0,0,0
12,0,0,12,0,0,0,12,0,0,0,0,0,0,0,0,0,0,0,0
12,0,0,12,0,0,0,12,0,0,0,0,0,0,0,0,0,0,0,0
19,0,0,19,0,0,0,12,0,0,0,0,0,0,0,0,0,0,0,0
19,0,0,19,0,0,0,12,0,0,0,0,0,0,0,0,0,0,0,0
19,0,0,19,0,0,0,19,0,0,0,0,0,0,0,0,0,0,0,0
19,0,0,19,0,0,0,19,0,0,0,0,0,0,0,0,0,0,0,0
19,0,0,19,0,0,0,19,0,0,0,0,0,0,0,0,0,0,0,0
19,0,0,19,0,0,0,19,0,0,0,0,0,0,0,0,0,0,0,0
19,0,0,19,0,0,0,19,0,0,0,0,0,0,0,0,0,0,0,0
19,0,0,19,0,0,0,19,0,0,0,0,0,0,0,0,0,0,0,0
19,0,0,19,0,0,0,19,0,0,0,0,0,0,0,0,0,0,0,0
19,0,0,19,0,0,0,19,0,0,0,0,0,0,0,0,0,0,0,0
19,0,0,19,0,0,0,19,0,0,0,0,0,0,0,0,0,0,0,0
19,0,0,19,0,0,0,19,0,0,0,0,0,0,0,0,0,0,0,0
19,0,0,19,0,0,0,19,0,0,0,0,0,0,0,0,0,0,0,0
19,0,0,19,0,0,0,19,0,0,0,0,0,0,0,0,0,0,0,0
19,0,0,19,0,0,0,19,0,0,0,0,0,0,0,0,0,0,0,0
19,0,0,19,0,0,0,19,0,0,0,0,0,0,0,0,0,0,0,0
19,0,0,19,0,0,0,19,0,0,0,0,0,0,0,0,0,0,0,0
19,0,0,19,0,0,0,19,0,0,0,0,0,0,0,0,0,0,0,0
19,0,0,19,0,0,0,19,0,0,0,0,0,0,0,0,0,0,0,0
19,0,0,19,0,0,0,19,0,0,0,0,0,0,0,0,0,0,0,0
19,0,0,19,0,0,0,19,0,0,0,0,0,0,0,0,0,0,0,0
19,0,0,19,0,0,0,19,0,0,0,0,0,0,0,0,0,0,0,0
19,0,0,19,0,0,0,19,0,0,0,0,0,0,0,0,0,0,0,0
19,0,0,19,0,0,0,19,0,0,0,0,0,0,0,0,0,0,0,0
19,0,0,19,0,0,0,19,0,0,0,0,0,0,0,0,0,0,0,0
19,0,0,19,0,0,0,19,0,0,0,0,0,0,0,0,0,0,0,0
19,0,0,19,0,0,0,19,0,0,0,0,0,0,0,0,0,0,0,0
19,0,0,19,0,0,0,19,0,0,0,0,0,0,0,0,0,0,0,0
19,0,0,19,0,0,0,19,0,0,0,0,0,0,0,0,0,0,0,0
19,0,0,19,0,0,0,19,0,0,0,0,0,0,0,0,0,0,0,0
19,0,0,19,0,0,0,19,0,0,0,0,0,0,0,0,0,0,0,0
19,0,0,19,0,0,0,19,0,0,0,0,0,0,0,0,0,0,0,0
19,0,0,19,0,0,0,19,0,0,0,0,0,0,0,0,0,0,0,0
19,0,0,19,0,0,0,19,0,0,0,0,0,0,0,0,0,0,0,0
19,0,0,19,0,0,0,19,0,0,0,0,0,0,0,0,0,0,0,0
19,0,0,19,0,0,0,19,0,0,0,0,0,0,0,0,0,0,0,0
19,0,0,19,0,0,0,19,0,0,0,0,0,0,0,0,0,0,0,0
19,0,0,19,0,0,0,19,0,0,0,0,0,0,0,0,0,0,0,0
19,0,0,19,0,0,0,19,0,0,0,0,0,0,0,0,0,0,0,0
19,0,0,19,0,0,0,19,0,0,0,0,0,0,0,0,0,0,0,0
19,0,0,19,0,0,0,19,0,0,0,0,0,0,0,0,0,0,0,0
19,0,0,19,0,0,0,19,0,0,0,0,0,0,0,0,0,0,0,0
19,0,0,19,0,0,0,19,0,0,0,0,0,0,0,0,0,0,0,0
19,0,0,19,0,0,0,19,0,0,0,0,0,0,0,0,0,0,0,0
19,0,0,19,0,0,0,19,0,0,0,0,0,0,0,0,0,0,0,0
19,0,0,19,0,0,0,19,0,0,0,0,0,0,0,0,0,0,0,0